"Fecha","Último","Apertura","Máximo","Mínimo","Vol.","% var."
"22.11.2021","3,5219","3,3647","3,5859","3,3278","751,42K","4,67%"
"21.11.2021","3,3647","3,4403","3,6450","3,3618","873,86K","-2,20%"
"20.11.2021","3,4403","3,1964","3,7833","3,1140","2,09M","7,63%"
"19.11.2021","3,1965","3,1389","3,2266","2,9921","533,42K","1,83%"
"18.11.2021","3,1389","3,4131","3,5012","3,0017","646,69K","-8,03%"
"17.11.2021","3,4131","3,2512","3,4421","3,1363","729,21K","4,98%"
"16.11.2021","3,2512","3,3935","3,3983","3,0568","824,99K","-4,21%"
"15.11.2021","3,3940","3,4504","3,4750","3,3712","478,10K","-1,63%"
"14.11.2021","3,4504","3,4683","3,5160","3,4055","293,75K","-0,52%"
"13.11.2021","3,4683","3,4427","3,5367","3,4062","390,43K","0,74%"
"12.11.2021","3,4427","3,4820","3,6218","3,2941","881,26K","-1,13%"
"11.11.2021","3,4820","3,4280","3,5401","3,3562","509,73K","1,58%"
"10.11.2021","3,4280","3,7635","3,8174","3,3501","1,65M","-8,91%"
"09.11.2021","3,7635","3,6350","3,7892","3,5882","658,03K","3,34%"
"08.11.2021","3,6419","3,5673","3,7128","3,5051","1,43M","2,10%"
"07.11.2021","3,5671","3,4309","3,5780","3,4062","579,49K","3,97%"
"06.11.2021","3,4309","3,4852","3,5616","3,3821","886,17K","-1,56%"
"05.11.2021","3,4852","3,5368","3,6651","3,4322","834,43K","-1,46%"
"04.11.2021","3,5368","3,6610","3,6976","3,5111","465,87K","-3,39%"
"03.11.2021","3,6610","3,5418","3,7465","3,4312","1,39M","3,37%"
"02.11.2021","3,5418","3,4452","3,6115","3,4174","637,70K","2,80%"
"01.11.2021","3,4452","3,4740","3,5427","3,3203","650,61K","-0,83%"
"31.10.2021","3,4740","3,3780","3,5849","3,3704","1,05M","2,84%"
"30.10.2021","3,3780","3,4069","3,5512","3,3131","937,55K","-0,85%"
"29.10.2021","3,4069","3,4289","3,4779","3,3830","596,05K","-0,64%"
"28.10.2021","3,4289","3,3051","3,4549","3,2471","1,06M","3,72%"
"27.10.2021","3,3061","3,6781","3,7220","3,3061","919,94K","-10,28%"
"26.10.2021","3,6850","3,8209","4,0736","3,6561","2,11M","-3,56%"
"25.10.2021","3,8209","3,7710","4,0081","3,7521","1,14M","1,32%"
"24.10.2021","3,7710","3,7251","3,7866","3,6161","646,04K","1,23%"
"23.10.2021","3,7251","3,7310","3,7790","3,6832","542,11K","-0,16%"
"22.10.2021","3,7310","3,6140","3,9502","3,5952","2,25M","3,24%"
"21.10.2021","3,6140","3,4730","3,6417","3,4443","1,05M","4,06%"
"20.10.2021","3,4730","3,3530","3,4730","3,2801","1,07M","3,58%"
"19.10.2021","3,3530","3,4548","3,4719","3,3160","384,70K","-2,95%"
"18.10.2021","3,4548","3,3560","3,6410","3,2694","2,55M","2,94%"
"17.10.2021","3,3560","3,4425","3,5596","3,2470","531,19K","-2,51%"
"16.10.2021","3,4425","3,4460","3,5697","3,4157","588,66K","-0,10%"
"15.10.2021","3,4460","3,2997","3,5219","3,2300","1,01M","4,43%"
"14.10.2021","3,2997","3,2437","3,5147","3,2251","959,02K","1,73%"
"13.10.2021","3,2437","3,1509","3,3619","3,0791","1,11M","2,94%"
"12.10.2021","3,1509","3,2230","3,3594","2,9919","4,41M","-2,24%"
"11.10.2021","3,2230","3,1759","3,4379","3,1433","674,85K","1,48%"
"10.10.2021","3,1759","3,4339","3,5739","3,1563","1,71M","-7,67%"
"09.10.2021","3,4399","3,3270","3,4820","3,3041","508,86K","3,39%"
"08.10.2021","3,3270","3,4390","3,5874","3,3211","1,12M","-3,25%"
"07.10.2021","3,4390","3,3443","3,5996","3,2383","1,13M","2,83%"
"06.10.2021","3,3443","3,4174","3,4934","3,2294","958,22K","-2,14%"
"05.10.2021","3,4174","3,3285","3,4684","3,2245","782,76K","2,67%"
"04.10.2021","3,3285","3,2180","3,4239","3,1228","1,09M","3,43%"
"03.10.2021","3,2180","3,1299","3,3015","3,0663","721,60K","2,82%"
"02.10.2021","3,1299","3,1684","3,2608","3,1086","767,08K","-1,22%"
"01.10.2021","3,1684","3,0110","3,2180","2,9142","1,82M","5,40%"
"30.09.2021","3,0061","2,6559","3,3399","2,6361","4,39M","13,18%"
"29.09.2021","2,6559","2,5632","2,8028","2,5323","386,25K","3,62%"
"28.09.2021","2,5632","2,6540","2,7529","2,5583","1,17M","-3,42%"
"27.09.2021","2,6540","2,7946","2,8912","2,6510","1,99M","-5,03%"
"26.09.2021","2,7946","2,9010","2,9200","2,6101","1,11M","-3,67%"
"25.09.2021","2,9010","2,9377","3,0860","2,7551","4,25M","-1,25%"
"24.09.2021","2,9377","3,0979","3,1139","2,6902","915,12K","-5,17%"
"23.09.2021","3,0979","3,0770","3,1691","2,9441","728,08K","0,68%"
"22.09.2021","3,0770","2,7434","3,0849","2,7124","819,60K","12,16%"
"21.09.2021","2,7434","2,9644","3,1926","2,6760","1,14M","-7,30%"
"20.09.2021","2,9595","3,6020","3,6080","2,9051","1,59M","-17,84%"
"19.09.2021","3,6020","3,5758","3,7518","3,5333","711,54K","0,73%"
"18.09.2021","3,5758","3,5109","3,6349","3,4661","422,62K","1,85%"
"17.09.2021","3,5109","3,6109","3,6398","3,4771","441,27K","-2,77%"
"16.09.2021","3,6109","3,7881","3,8385","3,5085","610,10K","-4,68%"
"15.09.2021","3,7881","3,5710","3,8050","3,5001","649,34K","6,08%"
"14.09.2021","3,5710","3,4333","3,5710","3,3754","690,57K","4,01%"
"13.09.2021","3,4333","3,6400","3,6755","3,2222","1,14M","-5,68%"
"12.09.2021","3,6400","3,5500","3,7968","3,4501","1,29M","2,53%"
"11.09.2021","3,5500","3,3536","3,9818","3,3460","1,99M","5,86%"
"10.09.2021","3,3536","3,5722","3,7059","3,2490","1,02M","-6,14%"
"09.09.2021","3,5732","3,5521","3,8000","3,4775","1,42M","0,79%"
"08.09.2021","3,5451","3,5869","3,7069","3,3010","1,01M","-1,17%"
"07.09.2021","3,5869","4,5240","4,7418","3,2175","2,77M","-20,71%"
"06.09.2021","4,5240","4,5810","4,7388","4,3869","1,61M","-1,24%"
"05.09.2021","4,5810","4,1971","4,7220","4,1920","2,18M","9,33%"
"04.09.2021","4,1901","4,2654","4,4193","4,1300","1,10M","-1,76%"
"03.09.2021","4,2654","4,0390","4,3488","3,9400","1,56M","5,61%"
"02.09.2021","4,0390","4,2030","4,2030","3,9661","1,34M","-3,90%"
"01.09.2021","4,2030","3,8440","4,2498","3,7750","1,53M","9,34%"
"31.08.2021","3,8440","3,8709","3,9949","3,7719","1,27M","-0,69%"
"30.08.2021","3,8709","4,1091","4,1740","3,8252","1,11M","-5,80%"
"29.08.2021","4,1091","4,0860","4,1839","3,8261","1,06M","0,57%"
"28.08.2021","4,0860","4,2488","4,2670","3,9440","1,06M","-3,83%"
"27.08.2021","4,2488","3,9631","4,2497","3,8130","1,16M","7,21%"
"26.08.2021","3,9631","4,4100","4,5064","3,9211","1,09M","-10,13%"
"25.08.2021","4,4100","4,3181","4,4696","4,1299","1,01M","2,12%"
"24.08.2021","4,3182","4,8362","4,8562","4,1917","1,90M","-10,71%"
"23.08.2021","4,8362","4,7845","4,8630","4,5849","1,75M","1,08%"
"22.08.2021","4,7845","4,8768","4,9122","4,6445","910,62K","-1,94%"
"21.08.2021","4,8791","5,1091","5,1671","4,8038","1,87M","-4,50%"
"20.08.2021","5,1092","4,8935","5,4398","4,8572","3,00M","4,56%"
"19.08.2021","4,8862","4,4111","4,8935","4,2446","2,91M","10,77%"
"18.08.2021","4,4111","4,3300","4,6828","4,0058","4,09M","1,87%"
"17.08.2021","4,3300","4,4200","4,8550","4,2601","3,18M","-2,04%"
"16.08.2021","4,4200","4,3958","4,8717","4,3228","3,73M","0,55%"
"15.08.2021","4,3958","4,3650","4,4524","4,1277","2,20M","0,70%"
"14.08.2021","4,3650","4,2181","4,6003","4,1588","4,01M","3,48%"
"13.08.2021","4,2181","3,9567","4,2297","3,8803","1,62M","6,61%"
"12.08.2021","3,9567","4,0927","4,2045","3,7489","2,57M","-3,36%"
"11.08.2021","4,0942","3,9095","4,3777","3,8613","3,03M","4,73%"
"10.08.2021","3,9095","3,9074","4,0954","3,7930","1,58M","0,05%"
"09.08.2021","3,9074","3,7784","3,9439","3,6138","1,29M","3,41%"
"08.08.2021","3,7784","3,9893","3,9932","3,7152","1,48M","-5,29%"
"07.08.2021","3,9893","4,0485","4,1876","3,8198","2,99M","-1,46%"
"06.08.2021","4,0485","3,5500","4,1698","3,5500","3,99M","14,04%"
"05.08.2021","3,5500","3,3500","3,6274","3,3500","3,40M","5,97%"
"04.08.2021","3,3500","3,1752","3,3698","3,0634","2,06M","5,50%"
"03.08.2021","3,1752","3,3713","3,3713","3,1001","1,88M","-5,82%"
"02.08.2021","3,3713","3,4037","3,4948","3,2215","4,85M","-0,95%"
"01.08.2021","3,4037","3,1771","4,4695","3,1771","11,02M","7,13%"
"31.07.2021","3,1771","2,9758","3,2848","2,9277","2,10M","6,77%"
"30.07.2021","2,9758","2,8920","3,1227","2,7264","2,16M","2,89%"
"29.07.2021","2,8920","2,6732","2,9313","2,5988","1,95M","8,19%"
"28.07.2021","2,6732","2,7018","2,7111","2,5656","1,04M","-0,71%"
"27.07.2021","2,6924","2,5711","2,7665","2,4587","2,89M","4,72%"
"26.07.2021","2,5711","2,5357","2,7914","2,5152","1,71M","1,58%"
"25.07.2021","2,5312","2,4889","2,5312","2,4500","662,13K","2,51%"
"24.07.2021","2,4692","2,3872","2,5696","2,3551","1,51M","3,43%"
"23.07.2021","2,3872","2,3072","2,3885","2,2562","892,53K","3,47%"
"22.07.2021","2,3072","2,2748","2,3260","2,2034","854,84K","1,42%"
"21.07.2021","2,2748","2,1401","2,3045","2,0259","1,51M","6,29%"
"20.07.2021","2,1401","2,2814","2,3033","2,0055","1,78M","-6,19%"
"19.07.2021","2,2814","2,6331","2,6457","2,2589","2,98M","-13,36%"
"18.07.2021","2,6331","2,2950","2,9083","2,2912","6,42M","14,73%"
"17.07.2021","2,2950","2,2254","2,4099","2,2000","1,52M","3,13%"
"16.07.2021","2,2254","2,3934","2,3978","2,1734","1,13M","-7,02%"
"15.07.2021","2,3934","2,5430","2,6164","2,3330","1,71M","-5,88%"
"14.07.2021","2,5430","2,5936","2,6431","2,3444","1,77M","-1,95%"
"13.07.2021","2,5936","2,7206","2,7206","2,4873","1,20M","-4,67%"
"12.07.2021","2,7206","2,5884","2,9168","2,5800","5,10M","5,39%"
"11.07.2021","2,5815","2,4509","2,6237","2,3824","5,58M","5,33%"
"10.07.2021","2,4509","2,5247","2,5553","2,4155","1,05M","-2,81%"
"09.07.2021","2,5218","2,4087","2,6056","2,3585","1,65M","4,70%"
"08.07.2021","2,4087","2,7358","2,7358","2,3583","1,85M","-11,95%"
"07.07.2021","2,7358","2,6511","2,7989","2,6159","1,72M","3,20%"
"06.07.2021","2,6511","2,5913","2,7125","2,5668","1,03M","2,31%"
"05.07.2021","2,5913","2,7587","2,7934","2,5002","1,92M","-6,07%"
"04.07.2021","2,7587","2,6229","2,9216","2,6229","2,20M","5,18%"
"03.07.2021","2,6229","2,5521","2,6320","2,4520","852,93K","2,77%"
"02.07.2021","2,5522","2,5407","2,5855","2,3488","1,30M","0,06%"
"01.07.2021","2,5506","2,6789","2,7549","2,3769","1,89M","-4,69%"
"30.06.2021","2,6760","2,4746","2,7000","2,3131","2,79M","8,14%"
"29.06.2021","2,4746","2,1975","2,6884","2,1975","4,22M","12,61%"
"28.06.2021","2,1974","2,0094","2,2023","1,9598","1,20M","9,35%"
"27.06.2021","2,0096","1,9523","2,0119","1,8906","1,20M","2,93%"
"26.06.2021","1,9523","1,8799","2,0270","1,8186","1,53M","3,89%"
"25.06.2021","1,8791","2,1010","2,1685","1,8432","1,60M","-10,56%"
"24.06.2021","2,1010","1,9791","2,1048","1,8841","1,09M","6,16%"
"23.06.2021","1,9791","1,8624","2,1281","1,7872","1,59M","6,26%"
"22.06.2021","1,8624","1,9577","2,0522","1,5153","3,36M","-4,86%"
"21.06.2021","1,9577","2,4798","2,5460","1,9264","2,44M","-21,06%"
"20.06.2021","2,4798","2,5520","2,5592","2,2965","1,79M","-2,83%"
"19.06.2021","2,5520","2,6096","2,6940","2,5427","793,53K","-2,21%"
"18.06.2021","2,6096","2,8122","2,8214","2,5069","1,40M","-7,20%"
"17.06.2021","2,8122","2,8557","2,9703","2,7464","1,34M","-1,52%"
"16.06.2021","2,8557","3,0396","3,1627","2,8308","1,63M","-6,05%"
"15.06.2021","3,0396","3,0856","3,1317","2,9556","1,37M","-1,49%"
"14.06.2021","3,0856","2,9135","3,1723","2,8493","2,07M","5,91%"
"13.06.2021","2,9135","2,7051","2,9582","2,6110","1,83M","7,72%"
"12.06.2021","2,7046","2,8280","2,8889","2,5781","1,99M","-4,36%"
"11.06.2021","2,8280","3,1098","3,1498","2,8002","1,20M","-9,06%"
"10.06.2021","3,1098","3,2434","3,2609","3,0022","1,30M","-4,12%"
"09.06.2021","3,2434","3,1290","3,2597","2,9688","2,22M","3,66%"
"08.06.2021","3,1290","3,2282","3,3259","2,7364","2,63M","-3,43%"
"07.06.2021","3,2401","3,5104","3,7695","3,2071","2,36M","-7,70%"
"06.06.2021","3,5104","3,3788","3,6584","3,3240","1,36M","3,89%"
"05.06.2021","3,3788","3,5402","3,6689","3,2784","1,83M","-4,56%"
"04.06.2021","3,5402","3,9656","3,9708","3,3570","2,74M","-10,73%"
"03.06.2021","3,9656","3,8511","4,0962","3,7107","1,40M","2,97%"
"02.06.2021","3,8511","3,6140","3,9747","3,5500","2,41M","6,56%"
"01.06.2021","3,6140","3,5796","3,6360","3,3860","1,50M","0,96%"
"31.05.2021","3,5796","3,3700","3,5920","3,1482","1,68M","6,22%"
"30.05.2021","3,3700","3,2765","3,4571","3,0845","1,62M","2,85%"
"29.05.2021","3,2765","3,5357","3,6199","3,0717","1,95M","-7,33%"
"28.05.2021","3,5357","4,2001","4,2625","3,1001","8,50M","-15,82%"
"27.05.2021","4,2001","4,5404","4,5413","4,0540","1,81M","-7,49%"
"26.05.2021","4,5404","4,3314","4,6092","4,1230","3,92M","4,83%"
"25.05.2021","4,3314","3,8540","4,6406","3,7774","7,43M","12,39%"
"24.05.2021","3,8540","3,1686","3,8997","2,9377","4,89M","21,63%"
"23.05.2021","3,1686","3,9885","4,1544","2,6202","5,87M","-20,80%"
"22.05.2021","4,0008","4,4205","4,4880","3,8043","2,99M","-9,49%"
"21.05.2021","4,4205","5,0461","5,3847","3,5602","5,10M","-12,40%"
"20.05.2021","5,0461","3,9672","5,0953","3,5685","5,49M","27,18%"
"19.05.2021","3,9677","6,2227","6,5199","3,0326","8,17M","-36,24%"
"18.05.2021","6,2228","5,8199","6,6415","5,7318","3,76M","6,93%"
"17.05.2021","5,8197","6,3250","6,3250","5,2847","4,78M","-7,99%"
"16.05.2021","6,3250","6,5793","6,8001","5,9154","4,02M","-4,12%"
"15.05.2021","6,5965","7,4700","7,5965","6,5212","2,91M","-11,69%"
"14.05.2021","7,4700","7,1000","7,5698","6,7035","3,38M","5,21%"
"13.05.2021","7,1000","6,9590","7,4500","6,2934","6,09M","2,03%"
"12.05.2021","6,9590","9,3370","9,3370","6,9590","3,99M","-25,47%"
"11.05.2021","9,3370","8,6478","9,4342","7,8441","6,18M","7,97%"
"10.05.2021","8,6474","8,2551","10,7595","7,7967","11,69M","4,75%"
"09.05.2021","8,2551","8,4193","9,0399","7,7128","4,29M","-1,95%"
"08.05.2021","8,4193","9,0443","9,5233","8,1389","6,53M","-6,91%"
"07.05.2021","9,0442","6,9251","11,4807","6,9251","41,92M","30,60%"
"06.05.2021","6,9251","6,1876","7,1349","6,0153","4,72M","11,92%"
"05.05.2021","6,1876","5,3012","6,3376","5,3000","3,01M","9,58%"
"04.05.2021","5,6468","5,9332","6,3707","5,3656","2,96M","-4,83%"
"03.05.2021","5,9332","5,6489","6,3675","5,5861","3,15M","5,03%"
"02.05.2021","5,6489","5,5103","5,7185","5,1881","1,68M","2,52%"
"01.05.2021","5,5103","5,4399","5,6256","5,2500","1,13M","1,29%"
"30.04.2021","5,4399","5,2901","5,5110","5,0848","1,46M","2,83%"
"29.04.2021","5,2901","5,6495","5,6495","5,0186","2,49M","-5,53%"
"28.04.2021","5,6000","4,8799","6,0236","4,4102","6,12M","14,75%"
"27.04.2021","4,8799","4,5788","4,9318","4,5024","1,40M","6,58%"
"26.04.2021","4,5788","3,8487","4,8348","3,7865","2,35M","19,72%"
"25.04.2021","3,8245","3,7127","4,4096","3,4943","1,94M","3,01%"
"24.04.2021","3,7127","4,1197","4,1197","3,6301","2,18M","-9,88%"
"23.04.2021","4,1197","4,3299","4,4199","3,1634","4,01M","-4,86%"
"22.04.2021","4,3300","5,1484","5,2658","4,2777","3,79M","-15,90%"
"21.04.2021","5,1484","5,4229","5,6371","5,0459","1,25M","-5,06%"
"20.04.2021","5,4229","5,3511","5,6157","4,7094","1,93M","1,34%"
"19.04.2021","5,3511","5,6958","5,8496","5,1228","1,35M","-6,05%"
"18.04.2021","5,6958","6,4801","6,6253","4,9739","2,37M","-12,10%"
"17.04.2021","6,4802","6,9785","7,0024","6,3970","1,62M","-7,14%"
"16.04.2021","6,9785","6,5195","7,2540","6,2500","2,76M","7,04%"
"15.04.2021","6,5195","6,1825","6,5259","6,1302","1,14M","5,53%"
"14.04.2021","6,1779","6,4281","6,4569","5,8566","1,22M","-3,94%"
"13.04.2021","6,4313","6,4666","6,7083","6,0066","2,30M","-0,55%"
"12.04.2021","6,4666","6,8002","6,8313","6,2976","1,04M","-4,91%"
"11.04.2021","6,8002","7,2460","7,2460","6,5402","1,13M","-6,15%"
"10.04.2021","7,2460","7,0852","7,5180","6,7979","1,82M","2,42%"
"09.04.2021","7,0747","6,8374","7,1894","6,5902","2,62M","3,47%"
"08.04.2021","6,8374","6,1777","6,8499","5,8477","1,96M","10,68%"
"07.04.2021","6,1777","6,1699","6,8799","5,4035","3,27M","0,13%"
"06.04.2021","6,1699","6,2451","6,3983","5,7704","1,11M","-1,20%"
"05.04.2021","6,2451","6,3137","6,3718","5,8282","1,30M","-1,09%"
"04.04.2021","6,3137","5,7626","6,5264","5,7626","1,94M","9,56%"
"03.04.2021","5,7626","5,9866","6,6982","5,6515","3,42M","-3,74%"
"02.04.2021","5,9866","5,9251","6,0359","5,6745","1,07M","1,04%"
"01.04.2021","5,9251","6,2547","6,2882","5,7946","1,90M","-5,27%"
"31.03.2021","6,2547","5,9129","6,2599","5,5543","1,88M","5,78%"
"30.03.2021","5,9128","5,4559","6,1761","5,3507","3,12M","8,37%"
"29.03.2021","5,4559","4,8718","5,5243","4,6893","2,26M","11,99%"
"28.03.2021","4,8718","4,5193","5,6326","4,4686","4,44M","7,80%"
"27.03.2021","4,5193","4,4799","4,5375","4,2193","1,37M","0,88%"
"26.03.2021","4,4799","3,8993","4,4879","3,8753","2,11M","14,89%"
"25.03.2021","3,8993","4,2577","4,3778","3,8351","2,17M","-8,42%"
"24.03.2021","4,2577","4,9949","5,1402","4,0756","4,38M","-14,76%"
"23.03.2021","4,9949","4,0310","5,1943","3,9521","8,95M","23,91%"
"22.03.2021","4,0310","3,9175","4,5611","3,7587","3,35M","2,90%"
"21.03.2021","3,9175","3,9577","4,0882","3,5902","2,40M","-1,02%"
"20.03.2021","3,9577","3,7860","4,6112","3,7253","3,30M","4,54%"
"19.03.2021","3,7860","3,7458","3,8969","3,6002","948,88K","1,07%"
"18.03.2021","3,7458","3,9097","3,9964","3,6321","2,11M","-4,19%"
"17.03.2021","3,9096","3,3599","4,0191","3,2358","3,86M","16,36%"
"16.03.2021","3,3599","3,2555","3,3800","3,0600","1,19M","3,21%"
"15.03.2021","3,2555","3,4172","3,4742","3,1054","1,61M","-5,11%"
"14.03.2021","3,4309","3,3108","3,6341","3,2095","2,84M","3,56%"
"13.03.2021","3,3128","3,1501","3,6589","2,9989","2,20M","5,17%"
"12.03.2021","3,1501","3,2362","3,2898","3,0453","1,10M","-2,66%"
"11.03.2021","3,2362","3,2272","3,3255","3,0985","1,14M","0,28%"
"10.03.2021","3,2272","3,3834","3,3920","3,1251","1,17M","-4,67%"
"09.03.2021","3,3854","3,2459","3,4171","3,1800","1,42M","4,30%"
"08.03.2021","3,2459","3,2524","3,2818","3,0833","784,48K","-0,20%"
"07.03.2021","3,2524","3,2155","3,2524","3,1336","695,35K","1,15%"
"06.03.2021","3,2155","3,0877","3,2625","3,0005","1,00M","4,01%"
"05.03.2021","3,0915","3,1177","3,1177","2,8719","883,07K","-0,84%"
"04.03.2021","3,1177","3,2425","3,3213","2,9266","1,06M","-3,85%"
"03.03.2021","3,2425","3,1677","3,2899","3,0946","1,57M","2,36%"
"02.03.2021","3,1677","3,0967","3,6828","2,9639","2,96M","2,29%"
"01.03.2021","3,0967","2,8976","3,0993","2,8110","1,13M","6,87%"
"28.02.2021","2,8976","3,0869","3,0869","2,5532","1,27M","-6,13%"
"27.02.2021","3,0869","3,0220","3,1903","2,9394","1,18M","2,15%"
"26.02.2021","3,0220","3,0230","3,2717","2,8000","2,69M","-0,03%"
"25.02.2021","3,0230","2,8180","4,2998","2,8180","9,05M","7,28%"
"24.02.2021","2,8180","2,6518","3,1792","2,4609","2,94M","6,27%"
"23.02.2021","2,6518","3,3999","3,3999","2,1632","4,11M","-22,00%"
"22.02.2021","3,3999","3,8488","3,8997","2,7053","3,45M","-11,66%"
"21.02.2021","3,8488","3,6638","3,9798","3,5924","1,40M","5,05%"
"20.02.2021","3,6638","3,8685","4,3498","3,3853","4,67M","-5,29%"
"19.02.2021","3,8685","3,7752","3,9724","3,4456","2,52M","2,47%"
"18.02.2021","3,7752","3,4090","3,8311","3,2998","2,21M","10,74%"
"17.02.2021","3,4090","3,2422","3,5028","2,9420","1,95M","5,15%"
"16.02.2021","3,2422","3,2908","3,5429","2,9828","3,21M","-1,48%"
"15.02.2021","3,2908","3,8207","4,0491","2,8085","5,44M","-13,87%"
"14.02.2021","3,8207","3,3896","4,6089","3,0905","21,65M","12,72%"
"13.02.2021","3,3896","2,4365","3,6332","2,3630","7,54M","39,12%"
"12.02.2021","2,4365","2,4218","2,4801","2,2557","2,60M","0,61%"
"11.02.2021","2,4218","2,3064","2,6050","2,2498","4,77M","5,00%"
"10.02.2021","2,3064","1,8685","2,6262","1,8331","9,95M","23,72%"
"09.02.2021","1,8642","1,7434","1,9191","1,7068","2,20M","6,93%"
"08.02.2021","1,7434","1,5636","1,8360","1,5074","2,68M","11,50%"
"07.02.2021","1,5636","1,6193","1,6377","1,4760","1,53M","-3,44%"
"06.02.2021","1,6193","1,7919","1,7921","1,5820","2,73M","-9,63%"
"05.02.2021","1,7919","1,4169","1,7919","1,4135","4,23M","26,73%"
"04.02.2021","1,4139","1,4995","1,4995","1,3804","1,24M","-5,71%"
"03.02.2021","1,4995","1,4129","1,5110","1,3892","1,16M","6,13%"
"02.02.2021","1,4129","1,3861","1,4199","1,3479","1,01M","1,93%"
"01.02.2021","1,3861","1,3221","1,4386","1,2786","1,55M","4,84%"
"31.01.2021","1,3221","1,3189","1,3665","1,2779","926,71K","0,25%"
"30.01.2021","1,3189","1,3234","1,3363","1,2726","645,28K","-0,34%"
"29.01.2021","1,3234","1,3129","1,4030","1,2862","1,38M","0,80%"
"28.01.2021","1,3129","1,2184","1,3397","1,2011","650,95K","8,19%"
"27.01.2021","1,2135","1,3023","1,3046","1,1822","553,38K","-6,81%"
"26.01.2021","1,3023","1,3250","1,3348","1,2401","495,29K","-2,06%"
"25.01.2021","1,3296","1,3637","1,3907","1,3065","547,01K","-2,50%"
"24.01.2021","1,3637","1,3763","1,4361","1,3221","669,06K","-0,92%"
"23.01.2021","1,3763","1,3464","1,4075","1,2876","1,28M","2,22%"
"22.01.2021","1,3464","1,2720","1,3614","1,1853","911,34K","6,22%"
"21.01.2021","1,2675","1,5005","1,5297","1,2636","1,32M","-15,53%"
"20.01.2021","1,5005","1,3821","1,5271","1,3274","2,01M","8,21%"
"19.01.2021","1,3866","1,4354","1,4558","1,3661","748,72K","-3,40%"
"18.01.2021","1,4354","1,3946","1,4398","1,3236","691,26K","2,93%"
"17.01.2021","1,3946","1,3703","1,4333","1,2851","868,84K","1,77%"
"16.01.2021","1,3703","1,3006","1,4097","1,3006","831,20K","5,36%"
"15.01.2021","1,3006","1,3690","1,3849","1,2261","691,27K","-4,99%"
"14.01.2021","1,3689","1,3561","1,3998","1,3040","720,14K","1,15%"
"13.01.2021","1,3534","1,2554","1,3878","1,2071","694,29K","7,80%"
"12.01.2021","1,2554","1,2445","1,3098","1,1778","702,58K","0,87%"
"11.01.2021","1,2445","1,4305","1,4324","1,1535","1,10M","-13,00%"
"10.01.2021","1,4305","1,4582","1,5769","1,2921","2,37M","-1,90%"
"09.01.2021","1,4582","1,3316","1,6151","1,2816","2,17M","9,81%"
"08.01.2021","1,3279","1,3465","1,3750","1,2092","959,94K","-1,38%"
"07.01.2021","1,3465","1,3776","1,4402","1,3001","1,58M","-2,25%"
"06.01.2021","1,3776","1,2286","1,3789","1,2045","863,02K","12,13%"
"05.01.2021","1,2286","1,2043","1,2362","1,1435","434,48K","2,02%"
"04.01.2021","1,2043","1,2528","1,2917","1,1100","885,53K","-3,87%"
"03.01.2021","1,2528","1,1531","1,2528","1,1104","670,19K","8,65%"
"02.01.2021","1,1531","1,1465","1,1858","1,1248","309,07K","0,58%"
"01.01.2021","1,1465","1,1498","1,1913","1,1305","209,52K","-0,29%"
"31.12.2020","1,1498","1,1563","1,1677","1,1112","153,42K","0,02%"
"30.12.2020","1,1496","1,1524","1,1635","1,1120","172,47K","-0,24%"
"29.12.2020","1,1524","1,1996","1,2057","1,1066","307,98K","-3,93%"
"28.12.2020","1,1996","1,1910","1,2246","1,1803","279,43K","0,72%"
"27.12.2020","1,1910","1,2005","1,2477","1,1330","339,12K","-0,79%"
"26.12.2020","1,2005","1,2135","1,2950","1,1770","315,05K","-1,07%"
"25.12.2020","1,2135","7,7026","9,3159","1,1656","239,19K","-84,25%"
"24.12.2020","7,7026","1,1563","7,8743","1,1416","316,60K","566,13%"
"23.12.2020","1,1563","1,2835","1,2934","1,1261","404,31K","-9,89%"
"22.12.2020","1,2832","1,2779","1,3227","1,2119","177,08K","0,42%"
"21.12.2020","1,2779","1,3517","1,3992","1,2317","271,73K","-5,46%"
"20.12.2020","1,3517","1,4017","1,4017","1,3212","341,89K","-3,57%"
"19.12.2020","1,4017","1,3633","1,4968","1,3633","692,19K","2,82%"
"18.12.2020","1,3633","1,3050","1,3916","1,2839","377,92K","4,47%"
"17.12.2020","1,3050","1,3110","1,3553","1,2863","585,61K","-0,46%"
"16.12.2020","1,3110","1,2807","1,3522","1,2486","365,15K","2,37%"
"15.12.2020","1,2807","1,2640","1,2828","1,2461","173,81K","1,32%"
"14.12.2020","1,2640","1,2647","1,2735","1,2413","90,82K","-0,05%"
"13.12.2020","1,2647","1,2545","1,2956","1,2471","143,03K","0,82%"
"12.12.2020","1,2545","1,1931","1,2688","1,1931","277,62K","5,14%"
"11.12.2020","1,1931","1,2109","1,2222","1,1664","194,47K","-1,47%"
"10.12.2020","1,2109","1,2339","1,2543","1,1942","187,74K","-1,87%"
"09.12.2020","1,2339","1,2515","1,2592","1,1616","483,06K","-1,41%"
"08.12.2020","1,2515","1,3509","1,4165","1,2287","377,74K","-7,35%"
"07.12.2020","1,3509","1,3337","1,3627","1,3242","131,95K","1,29%"
"06.12.2020","1,3336","1,3592","1,3696","1,3111","98,70K","-1,89%"
"05.12.2020","1,3592","1,2953","1,3650","1,2831","174,33K","4,94%"
"04.12.2020","1,2953","1,4189","1,4265","1,2883","523,12K","-8,71%"
"03.12.2020","1,4189","1,4117","1,5085","1,3770","478,28K","0,51%"
"02.12.2020","1,4117","1,3499","1,4424","1,3196","428,45K","4,58%"
"01.12.2020","1,3499","1,3298","1,4518","1,2238","634,44K","1,51%"
"30.11.2020","1,3298","1,2792","1,3562","1,2522","395,21K","3,96%"
"29.11.2020","1,2792","1,2780","1,3614","1,2505","258,81K","0,09%"
"28.11.2020","1,2780","1,2170","1,3114","1,1981","298,54K","5,01%"
"27.11.2020","1,2170","1,2268","1,2646","1,1710","243,55K","-0,80%"
"26.11.2020","1,2268","1,4484","1,4686","1,1503","959,48K","-15,30%"
"25.11.2020","1,4484","1,5325","1,5875","1,3919","575,69K","-5,49%"
"24.11.2020","1,5325","1,3893","1,6604","1,3126","1,47M","14,62%"
"23.11.2020","1,3370","1,2344","1,3621","1,2206","521,05K","8,31%"
"22.11.2020","1,2344","1,2881","1,3379","1,1514","607,10K","-4,17%"
"21.11.2020","1,2881","1,1898","1,3079","1,1710","454,83K","8,36%"
"20.11.2020","1,1888","1,1689","1,2022","1,1594","183,42K","1,70%"
"19.11.2020","1,1689","1,1869","1,1948","1,1074","246,23K","-1,52%"
"18.11.2020","1,1869","1,1375","1,2153","1,0862","415,33K","4,35%"
"17.11.2020","1,1375","1,0920","1,1723","1,0857","539,08K","4,17%"
"16.11.2020","1,0920","1,0731","1,0924","1,0529","79,33K","1,76%"
"15.11.2020","1,0731","1,1014","1,1124","1,0594","83,16K","-2,58%"
"14.11.2020","1,1014","1,1272","1,1346","1,0859","149,02K","-2,29%"
"13.11.2020","1,1272","1,1014","1,1283","1,0957","63,73K","2,34%"
"12.11.2020","1,1014","1,1043","1,1333","1,0830","122,93K","-0,26%"
"11.11.2020","1,1043","1,1324","1,1478","1,0992","101,39K","-2,49%"
"10.11.2020","1,1324","1,1146","1,1468","1,0936","136,10K","1,60%"
"09.11.2020","1,1146","1,1112","1,1186","1,0547","158,32K","0,31%"
"08.11.2020","1,1112","1,0749","1,1279","1,0749","82,03K","3,38%"
"07.11.2020","1,0749","1,1512","1,1630","1,0505","250,17K","-6,63%"
"06.11.2020","1,1512","1,0167","1,1988","1,0138","602,01K","13,23%"
"05.11.2020","1,0167","0,9860","1,0475","0,9842","219,74K","3,12%"
"04.11.2020","0,9860","1,0003","1,0148","0,9791","114,48K","-1,43%"
"03.11.2020","1,0003","0,9939","1,0032","0,9295","113,77K","0,64%"
"02.11.2020","0,9939","1,0276","1,0397","0,9913","112,43K","-3,28%"
"01.11.2020","1,0276","1,0275","1,0317","1,0157","66,99K","0,02%"
"31.10.2020","1,0275","1,0363","1,0573","1,0200","39,35K","-0,85%"
"30.10.2020","1,0363","1,0499","1,0776","1,0138","115,03K","-1,30%"
"29.10.2020","1,0499","1,0655","1,0810","1,0463","139,31K","-1,46%"
"28.10.2020","1,0655","1,0920","1,1062","1,0527","114,76K","-2,42%"
"27.10.2020","1,0920","1,0816","1,1217","1,0693","148,64K","0,96%"
"26.10.2020","1,0816","1,1266","1,1354","1,0678","116,28K","-3,99%"
"25.10.2020","1,1266","1,1251","1,1430","1,0983","134,97K","0,13%"
"24.10.2020","1,1251","1,1198","1,1351","1,1133","105,14K","0,48%"
"23.10.2020","1,1198","1,1182","1,1286","1,0981","106,52K","0,14%"
"22.10.2020","1,1182","1,0962","1,1295","1,0953","163,25K","2,01%"
"21.10.2020","1,0962","1,0695","1,1206","1,0640","143,05K","2,50%"
"20.10.2020","1,0695","1,0977","1,1004","1,0564","137,71K","-2,57%"
"19.10.2020","1,0977","1,1032","1,1283","1,0769","163,66K","-0,49%"
"18.10.2020","1,1032","1,0705","1,1081","1,0615","260,35K","3,05%"
"17.10.2020","1,0705","1,0599","1,0840","1,0576","41,72K","1,00%"
"16.10.2020","1,0599","1,1049","1,1106","1,0497","125,59K","-4,07%"
"15.10.2020","1,1049","1,1188","1,1224","1,0815","96,15K","-1,24%"
"14.10.2020","1,1188","1,1452","1,1544","1,1128","67,80K","-2,31%"
"13.10.2020","1,1452","1,1586","1,1756","1,1278","72,17K","-1,16%"
"12.10.2020","1,1586","1,1787","1,1800","1,1427","158,69K","-1,70%"
"11.10.2020","1,1787","1,1682","1,1938","1,1585","157,82K","0,90%"
"10.10.2020","1,1682","1,1483","1,2107","1,1483","229,36K","1,74%"
"09.10.2020","1,1482","1,0946","1,1721","1,0728","186,31K","4,89%"
"08.10.2020","1,0946","1,0532","1,1104","1,0421","91,12K","3,93%"
"07.10.2020","1,0532","1,0696","1,0696","1,0221","158,98K","-1,54%"
"06.10.2020","1,0696","1,1132","1,1163","1,0695","139,93K","-3,91%"
"05.10.2020","1,1132","1,1308","1,1342","1,0992","122,21K","-1,56%"
"04.10.2020","1,1308","1,1110","1,1412","1,0949","79,29K","1,79%"
"03.10.2020","1,1110","1,1039","1,1183","1,1022","94,23K","0,64%"
"02.10.2020","1,1039","1,1338","1,1437","1,0705","181,59K","-2,64%"
"01.10.2020","1,1338","1,1773","1,1943","1,1108","134,03K","-3,69%"
"30.09.2020","1,1773","1,1831","1,1837","1,1517","139,98K","-0,49%"
"29.09.2020","1,1831","1,1971","1,2066","1,1637","115,95K","-1,17%"
"28.09.2020","1,1971","1,2121","1,2340","1,1936","218,56K","-1,23%"
"27.09.2020","1,2121","1,2227","1,2390","1,1671","130,80K","-0,87%"
"26.09.2020","1,2227","1,2019","1,2465","1,1907","151,91K","1,73%"
"25.09.2020","1,2019","1,2103","1,2177","1,1378","227,79K","-0,69%"
"24.09.2020","1,2103","1,1283","1,2145","1,1125","200,92K","7,27%"
"23.09.2020","1,1283","1,1944","1,2720","1,0784","404,43K","-5,54%"
"22.09.2020","1,1944","1,2050","1,2289","1,1468","228,38K","-0,88%"
"21.09.2020","1,2050","1,3409","1,3535","1,1495","485,87K","-10,13%"
"20.09.2020","1,3409","1,3942","1,3969","1,3261","96,90K","-3,83%"
"19.09.2020","1,3942","1,3675","1,4042","1,3665","117,16K","1,96%"
"18.09.2020","1,3674","1,3786","1,4325","1,3483","148,33K","-0,81%"
"17.09.2020","1,3786","1,3652","1,3931","1,3248","189,62K","0,98%"
"16.09.2020","1,3652","1,3730","1,3861","1,3263","249,48K","-0,57%"
"15.09.2020","1,3730","1,4604","1,4719","1,3565","346,38K","-5,99%"
"14.09.2020","1,4604","1,4073","1,5015","1,3766","496,37K","3,78%"
"13.09.2020","1,4073","1,4917","1,4955","1,3714","273,50K","-5,65%"
"12.09.2020","1,4917","1,4501","1,4977","1,4323","287,65K","2,87%"
"11.09.2020","1,4501","1,4547","1,4796","1,3902","173,66K","-0,31%"
"10.09.2020","1,4547","1,4014","1,4796","1,3828","357,34K","3,80%"
"09.09.2020","1,4014","1,3402","1,4250","1,3022","320,41K","4,56%"
"08.09.2020","1,3402","1,4050","1,4123","1,2932","216,12K","-4,61%"
"07.09.2020","1,4050","1,3703","1,4469","1,2624","416,77K","2,53%"
"06.09.2020","1,3703","1,3607","1,4131","1,2577","378,67K","0,70%"
"05.09.2020","1,3607","1,5047","1,5565","1,2533","517,28K","-9,57%"
"04.09.2020","1,5047","1,4121","1,5294","1,3555","640,01K","6,56%"
"03.09.2020","1,4121","1,7499","1,7561","1,4037","716,41K","-19,30%"
"02.09.2020","1,7499","1,8573","1,8836","1,6712","553,10K","-5,78%"
"01.09.2020","1,8573","1,7820","1,9706","1,7510","1,21M","4,22%"
"31.08.2020","1,7820","1,7966","1,8292","1,7481","372,89K","-0,81%"
"30.08.2020","1,7966","1,8506","1,8782","1,7617","411,59K","-2,92%"
"29.08.2020","1,8506","1,7885","1,8868","1,7559","730,00K","3,47%"
"28.08.2020","1,7885","1,6420","1,8013","1,6114","413,80K","8,93%"
"27.08.2020","1,6420","1,7998","1,8457","1,5818","540,06K","-8,77%"
"26.08.2020","1,7998","1,7147","1,8229","1,6772","504,78K","4,96%"
"25.08.2020","1,7147","1,9075","1,9135","1,6444","799,45K","-10,11%"
"24.08.2020","1,9075","1,8679","1,9383","1,8101","482,49K","2,12%"
"23.08.2020","1,8679","1,9248","1,9787","1,7979","669,45K","-2,95%"
"22.08.2020","1,9248","1,8319","1,9931","1,7064","984,61K","5,07%"
"21.08.2020","1,8319","1,7556","2,1273","1,7523","3,77M","4,34%"
"20.08.2020","1,7556","1,5787","1,7591","1,5289","883,90K","11,21%"
"19.08.2020","1,5787","1,7030","1,7030","1,5147","570,32K","-7,30%"
"18.08.2020","1,7030","1,7814","1,8096","1,6297","900,69K","-4,40%"
"17.08.2020","1,7814","1,8058","1,9085","1,7078","1,06M","-1,35%"
"16.08.2020","1,8058","1,6807","1,8183","1,6304","630,85K","7,44%"
"15.08.2020","1,6807","1,7218","1,7359","1,6322","704,20K","-2,39%"
"14.08.2020","1,7218","1,6686","1,8357","1,6475","1,47M","3,18%"
"13.08.2020","1,6687","1,4895","1,7453","1,4779","3,06M","12,03%"
"12.08.2020","1,4895","1,4402","1,4998","1,3800","550,51K","3,42%"
"11.08.2020","1,4402","1,5434","1,5656","1,3808","766,26K","-6,69%"
"10.08.2020","1,5434","1,5296","1,5499","1,4521","731,32K","0,90%"
"09.08.2020","1,5296","1,5690","1,6024","1,4710","758,67K","-2,51%"
"08.08.2020","1,5690","1,4047","1,5894","1,3898","1,39M","11,70%"
"07.08.2020","1,4047","1,3895","1,4349","1,3388","685,01K","1,09%"
"06.08.2020","1,3895","1,3244","1,3942","1,2877","630,03K","4,92%"
"05.08.2020","1,3244","1,2782","1,3474","1,2674","517,47K","3,61%"
"04.08.2020","1,2782","1,2702","1,2911","1,2372","206,53K","0,63%"
"03.08.2020","1,2702","1,2452","1,2995","1,2374","228,09K","2,01%"
"02.08.2020","1,2452","1,3236","1,3583","1,2213","348,44K","-5,93%"
"01.08.2020","1,3236","1,2694","1,3362","1,2678","360,63K","4,28%"
"31.07.2020","1,2694","1,2603","1,3018","1,2584","206,41K","0,72%"
"30.07.2020","1,2603","1,2687","1,2925","1,2562","139,99K","-0,66%"
"29.07.2020","1,2687","1,2743","1,2743","1,2687","146,75K","0,92%"
"28.07.2020","1,2571","1,2280","1,2660","1,2138","151,01K","2,37%"
"27.07.2020","1,2280","1,2658","1,2732","1,1310","431,29K","-2,99%"
"26.07.2020","1,2658","1,2777","1,2903","1,2466","201,19K","-0,93%"
"25.07.2020","1,2777","1,2455","1,3035","1,2441","272,68K","2,59%"
"24.07.2020","1,2455","1,2780","1,2797","1,2385","137,33K","-2,54%"
"23.07.2020","1,2780","1,2757","1,2908","1,2502","213,23K","0,18%"
"22.07.2020","1,2757","1,2844","1,2854","1,2559","154,20K","-0,68%"
"21.07.2020","1,2844","1,2620","1,3114","1,2392","309,57K","1,78%"
"20.07.2020","1,2620","1,2228","1,2682","1,2112","264,43K","3,20%"
"19.07.2020","1,2228","1,2322","1,2424","1,2062","153,65K","-0,76%"
"18.07.2020","1,2322","1,1839","1,2452","1,1793","165,72K","4,08%"
"17.07.2020","1,1839","1,1794","1,1885","1,1536","95,18K","0,38%"
"16.07.2020","1,1794","1,2235","1,2240","1,1487","264,38K","-3,60%"
"15.07.2020","1,2235","1,2336","1,2577","1,2106","169,97K","-0,82%"
"14.07.2020","1,2336","1,2297","1,2365","1,2066","168,43K","0,32%"
"13.07.2020","1,2297","1,2496","1,3175","1,2236","469,60K","-1,59%"
"12.07.2020","1,2496","1,2215","1,2575","1,2059","226,01K","2,30%"
"11.07.2020","1,2215","1,1902","1,2278","1,1837","115,58K","2,63%"
"10.07.2020","1,1902","1,1935","1,1967","1,1542","117,22K","-0,27%"
"09.07.2020","1,1935","1,2375","1,2432","1,1403","299,97K","-3,56%"
"08.07.2020","1,2375","1,1523","1,2678","1,1456","406,70K","7,39%"
"07.07.2020","1,1523","1,1504","1,1603","1,1261","111,55K","0,16%"
"06.07.2020","1,1504","1,1106","1,1512","1,1064","103,53K","3,58%"
"05.07.2020","1,1106","1,1394","1,1407","1,0841","100,56K","-2,53%"
"04.07.2020","1,1394","1,1202","1,1469","1,1171","93,72K","1,72%"
"03.07.2020","1,1202","1,1384","1,1484","1,1198","40,57K","-1,60%"
"02.07.2020","1,1384","1,1578","1,1683","1,1155","65,44K","-1,68%"
"01.07.2020","1,1578","1,1375","1,1653","1,1327","65,63K","1,79%"
"30.06.2020","1,1375","1,1317","1,1455","1,1199","39,53K","0,51%"
"29.06.2020","1,1317","1,1276","1,1421","1,1229","41,16K","0,36%"
"28.06.2020","1,1276","1,0946","1,1390","1,0913","58,63K","3,02%"
"27.06.2020","1,0946","1,1468","1,1619","1,0871","73,95K","-4,55%"
"26.06.2020","1,1468","1,1839","1,1857","1,1389","109,34K","-3,13%"
"25.06.2020","1,1839","1,1974","1,1974","1,1620","70,06K","-1,13%"
"24.06.2020","1,1974","1,2486","1,2714","1,1782","144,38K","-4,10%"
"23.06.2020","1,2486","1,2591","1,2796","1,2444","116,14K","-0,84%"
"22.06.2020","1,2591","1,2192","1,2732","1,2167","130,73K","3,27%"
"21.06.2020","1,2192","1,2237","1,2328","1,2178","62,84K","-0,36%"
"20.06.2020","1,2237","1,2188","1,2416","1,2131","53,35K","0,40%"
"19.06.2020","1,2188","1,2582","1,2582","1,2127","138,70K","-3,12%"
"18.06.2020","1,2582","1,2341","1,2663","1,2250","116,57K","1,95%"
"17.06.2020","1,2341","1,2178","1,2832","1,1955","159,49K","1,33%"
"16.06.2020","1,2178","1,1929","1,2229","1,1845","65,16K","2,09%"
"15.06.2020","1,1929","1,1964","1,2051","1,1097","150,19K","-0,29%"
"14.06.2020","1,1964","1,2321","1,2449","1,1914","87,33K","-2,90%"
"13.06.2020","1,2321","1,2297","1,2394","1,2105","105,78K","0,20%"
"12.06.2020","1,2297","1,1860","1,2659","1,1472","262,71K","3,68%"
"11.06.2020","1,1860","1,2982","1,3437","1,1811","449,69K","-8,64%"
"10.06.2020","1,2982","1,2994","1,3192","1,2703","247,95K","-0,09%"
"09.06.2020","1,2994","1,3313","1,3454","1,2834","115,75K","-2,40%"
"08.06.2020","1,3313","1,3100","1,3408","1,2766","228,28K","1,63%"
"07.06.2020","1,3100","1,3320","1,3474","1,2657","267,58K","-1,65%"
"06.06.2020","1,3320","1,3621","1,3993","1,3123","387,80K","-2,21%"
"05.06.2020","1,3621","1,2578","1,4373","1,2520","771,32K","8,29%"
"04.06.2020","1,2578","1,2419","1,2761","1,2325","236,96K","1,29%"
"03.06.2020","1,2418","1,2044","1,2453","1,1879","166,87K","3,10%"
"02.06.2020","1,2044","1,2366","1,2661","1,1758","261,56K","-2,60%"
"01.06.2020","1,2366","1,2000","1,2504","1,1995","175,48K","3,05%"
"31.05.2020","1,2000","1,2226","1,2477","1,1936","236,83K","-1,84%"
"30.05.2020","1,2226","1,2122","1,2268","1,1919","129,50K","0,86%"
"29.05.2020","1,2122","1,2263","1,2339","1,1812","122,94K","-1,15%"
"28.05.2020","1,2263","1,2137","1,2326","1,1827","108,00K","1,04%"
"27.05.2020","1,2137","1,2470","1,2554","1,1801","160,83K","-2,68%"
"26.05.2020","1,2470","1,2044","1,2539","1,1657","200,56K","3,54%"
"25.05.2020","1,2044","1,1601","1,2086","1,1488","115,48K","3,82%"
"24.05.2020","1,1601","1,2356","1,2534","1,1575","238,17K","-6,11%"
"23.05.2020","1,2356","1,1863","1,2632","1,1858","249,53K","4,16%"
"22.05.2020","1,1863","1,1077","1,1990","1,0920","207,49K","7,09%"
"21.05.2020","1,1077","1,1369","1,1669","1,0707","155,73K","-2,57%"
"20.05.2020","1,1369","1,1484","1,1705","1,1267","162,30K","-0,99%"
"19.05.2020","1,1484","1,1465","1,1514","1,1252","63,72K","0,16%"
"18.05.2020","1,1465","1,1312","1,1546","1,1278","91,44K","1,35%"
"17.05.2020","1,1312","1,1229","1,1413","1,1090","88,27K","0,74%"
"16.05.2020","1,1229","1,1069","1,1378","1,1021","49,95K","1,44%"
"15.05.2020","1,1069","1,1456","1,1535","1,1052","71,17K","-3,38%"
"14.05.2020","1,1456","1,1547","1,1769","1,1257","69,97K","-0,79%"
"13.05.2020","1,1547","1,0875","1,1792","1,0830","189,29K","6,18%"
"12.05.2020","1,0875","1,0478","1,0900","1,0453","111,55K","3,79%"
"11.05.2020","1,0478","1,0818","1,1042","1,0086","85,02K","-3,14%"
"10.05.2020","1,0818","1,1989","1,1993","1,0324","250,27K","-9,76%"
"09.05.2020","1,1989","1,2374","1,2535","1,1931","100,98K","-3,11%"
"08.05.2020","1,2374","1,2057","1,2406","1,1921","131,71K","2,63%"
"07.05.2020","1,2057","1,2012","1,2222","1,1819","79,99K","0,37%"
"06.05.2020","1,2012","1,2145","1,2307","1,2012","73,78K","-1,10%"
"05.05.2020","1,2145","1,2198","1,2295","1,1905","76,16K","-0,43%"
"04.05.2020","1,2198","1,2341","1,2341","1,1743","84,00K","-1,15%"
"03.05.2020","1,2341","1,2806","1,2963","1,2167","154,77K","-3,64%"
"02.05.2020","1,2806","1,2311","1,2927","1,2255","207,27K","4,02%"
"01.05.2020","1,2311","1,2099","1,2867","1,2092","150,42K","1,75%"
"30.04.2020","1,2099","1,2857","1,3635","1,2003","414,34K","-5,89%"
"29.04.2020","1,2857","1,2754","1,3125","1,2374","575,96K","0,80%"
"28.04.2020","1,2754","1,1699","1,3308","1,1186","645,66K","9,02%"
"27.04.2020","1,1699","1,0645","1,1730","1,0472","446,38K","9,91%"
"26.04.2020","1,0645","1,0541","1,0670","1,0372","108,89K","0,99%"
"25.04.2020","1,0541","1,0469","1,0700","1,0446","96,88K","0,69%"
"24.04.2020","1,0469","1,0313","1,0510","1,0229","144,63K","2,14%"
"23.04.2020","1,0249","1,0254","1,0497","0,9889","195,24K","-0,05%"
"22.04.2020","1,0254","0,9793","1,0260","0,9746","89,35K","4,71%"
"21.04.2020","0,9793","1,0003","1,0166","0,9401","232,78K","-2,10%"
"20.04.2020","1,0003","1,0407","1,0627","0,9810","197,39K","-3,88%"
"19.04.2020","1,0407","1,0681","1,0747","1,0307","91,65K","-2,57%"
"18.04.2020","1,0681","1,0470","1,0792","1,0465","107,83K","2,02%"
"17.04.2020","1,0470","1,0498","1,0609","1,0247","100,52K","-0,27%"
"16.04.2020","1,0498","1,0198","1,0751","0,9807","268,46K","2,95%"
"15.04.2020","1,0198","1,0090","1,1174","1,0019","480,91K","1,06%"
"14.04.2020","1,0090","0,9722","1,0278","0,9643","112,83K","3,78%"
"13.04.2020","0,9722","0,9868","0,9868","0,9430","118,26K","-1,48%"
"12.04.2020","0,9868","0,9743","1,0158","0,9638","91,77K","1,28%"
"11.04.2020","0,9744","0,9750","0,9895","0,9653","66,88K","-0,06%"
"10.04.2020","0,9750","1,0426","1,0469","0,9473","149,18K","-6,49%"
"09.04.2020","1,0426","1,0478","1,0587","1,0199","95,20K","-0,49%"
"08.04.2020","1,0478","1,0360","1,0736","1,0354","63,01K","1,14%"
"07.04.2020","1,0360","1,0405","1,1099","1,0214","236,56K","-0,43%"
"06.04.2020","1,0405","0,9811","1,0459","0,9806","121,77K","6,05%"
"05.04.2020","0,9811","0,9879","0,9893","0,9694","58,70K","-0,69%"
"04.04.2020","0,9879","0,9802","0,9966","0,9674","73,28K","0,79%"
"03.04.2020","0,9802","0,9877","1,0271","0,9747","87,25K","-0,76%"
"02.04.2020","0,9877","0,9818","1,0385","0,9595","164,76K","0,59%"
"01.04.2020","0,9818","0,9721","0,9823","0,9313","91,53K","1,00%"
"31.03.2020","0,9721","0,9629","0,9880","0,9523","83,86K","0,97%"
"30.03.2020","0,9629","0,9084","0,9958","0,9082","127,85K","5,99%"
"29.03.2020","0,9084","0,9884","0,9888","0,9028","105,07K","-8,09%"
"28.03.2020","0,9884","1,0078","1,0078","0,9581","130,60K","-1,93%"
"27.03.2020","1,0078","1,0235","1,0516","0,9973","62,39K","-1,53%"
"26.03.2020","1,0235","1,0278","1,0369","0,9916","103,29K","-0,42%"
"25.03.2020","1,0278","1,0548","1,0810","1,0018","133,90K","-2,56%"
"24.03.2020","1,0548","1,0440","1,0716","0,9975","154,83K","1,03%"
"23.03.2020","1,0440","0,9577","1,0712","0,9418","187,93K","9,02%"
"22.03.2020","0,9577","1,0366","1,0971","0,9443","221,53K","-7,62%"
"21.03.2020","1,0366","1,0721","1,1258","1,0051","389,11K","-3,31%"
"20.03.2020","1,0721","1,1428","1,2249","0,9651","453,03K","-6,18%"
"19.03.2020","1,1428","1,0644","1,2243","1,0034","527,37K","7,36%"
"18.03.2020","1,0644","0,9543","1,0672","0,9241","758,93K","11,54%"
"17.03.2020","0,9543","0,8040","0,9788","0,7995","430,79K","18,69%"
"16.03.2020","0,8040","0,8576","0,8989","0,7062","329,81K","-6,25%"
"15.03.2020","0,8576","0,7686","0,9236","0,7606","349,36K","11,58%"
"14.03.2020","0,7686","0,8172","0,8652","0,7444","207,07K","-5,94%"
"13.03.2020","0,8172","0,6696","0,8851","0,5159","512,13K","22,03%"
"12.03.2020","0,6696","1,2034","1,2077","0,6204","675,98K","-44,35%"
"11.03.2020","1,2034","1,2330","1,2704","1,1471","302,16K","-2,40%"
"10.03.2020","1,2330","1,1223","1,2943","1,1223","333,92K","9,86%"
"09.03.2020","1,1223","1,1466","1,1927","1,0466","245,96K","-2,12%"
"08.03.2020","1,1466","1,3781","1,3781","1,1434","317,44K","-16,80%"
"07.03.2020","1,3781","1,4713","1,4717","1,3432","303,18K","-6,34%"
"06.03.2020","1,4713","1,3908","1,4876","1,3841","333,14K","5,79%"
"05.03.2020","1,3908","1,3489","1,4177","1,3439","216,88K","3,11%"
"04.03.2020","1,3489","1,3615","1,3782","1,3211","132,27K","-0,92%"
"03.03.2020","1,3615","1,4872","1,5273","1,3416","264,59K","-8,45%"
"02.03.2020","1,4872","1,4366","1,5463","1,3937","10,96K","3,52%"
"01.03.2020","1,4366","1,4147","1,4596","1,3385","10,91K","1,55%"
"29.02.2020","1,4147","1,3756","1,4621","1,3441","9,92K","2,85%"
"28.02.2020","1,3756","1,3629","1,4318","1,3012","10,79K","0,92%"
"27.02.2020","1,3630","1,3874","1,5293","1,3182","13,36K","-1,76%"
"26.02.2020","1,3874","1,3860","1,5823","1,2015","14,45K","0,10%"
"25.02.2020","1,3860","1,5039","1,5459","1,3506","13,18K","-7,84%"
"24.02.2020","1,5039","1,5966","1,6062","1,4004","11,91K","-5,81%"
"23.02.2020","1,5966","1,4095","1,6152","1,4035","14,22K","13,27%"
"22.02.2020","1,4095","1,5363","1,5447","1,4095","14,55K","-8,25%"
"21.02.2020","1,5363","1,5457","1,6011","1,4935","11,12K","-0,62%"
"20.02.2020","1,5459","1,6680","1,6799","1,5275","12,14K","-7,32%"
"19.02.2020","1,6680","1,7791","1,8692","1,6519","13,56K","-6,24%"
"18.02.2020","1,7791","1,7673","1,8007","1,6979","13,62K","0,67%"
"17.02.2020","1,7673","1,8232","1,8288","1,6205","15,97K","-3,07%"
"16.02.2020","1,8232","1,8118","1,9286","1,7297","16,51K","0,63%"
"15.02.2020","1,8118","1,8592","2,0656","1,7102","15,11K","-2,55%"
"14.02.2020","1,8592","1,7610","1,9361","1,6463","12,09K","5,58%"
"13.02.2020","1,7610","1,9421","1,9883","1,7515","13,07K","-9,32%"
"12.02.2020","1,9421","2,1321","2,2213","1,9091","17,42K","-8,91%"
"11.02.2020","2,1321","1,9639","2,1719","1,8567","20,17K","8,56%"
"10.02.2020","1,9639","2,0008","2,5687","1,9036","26,82K","-1,84%"
"09.02.2020","2,0008","1,6059","2,1096","1,6059","19,13K","24,59%"
"08.02.2020","1,6059","1,4377","1,7515","1,3592","17,20K","11,70%"
"07.02.2020","1,4377","1,3584","1,4771","1,3376","12,39K","5,84%"
"06.02.2020","1,3584","1,3679","1,4489","1,3430","13,78K","-0,70%"
"05.02.2020","1,3679","1,2067","1,4951","1,2067","20,31K","13,36%"
"04.02.2020","1,2067","1,0666","1,2436","1,0666","13,53K","13,13%"
"03.02.2020","1,0666","0,9967","1,0779","0,9773","10,96K","7,02%"
"02.02.2020","0,9967","1,0411","1,0877","0,9967","15,31K","-3,20%"
"01.02.2020","1,0297","1,0191","1,0752","0,9937","13,20K","1,04%"
"31.01.2020","1,0191","1,0948","1,1103","0,9821","14,99K","-6,92%"
"30.01.2020","1,0948","0,8812","1,1417","0,8763","15,28K","24,24%"
"29.01.2020","0,8812","0,8186","0,9002","0,8130","11,33K","7,65%"
"28.01.2020","0,8186","0,7888","0,8198","0,7631","12,05K","3,78%"
"27.01.2020","0,7888","0,8019","0,8168","0,7878","12,62K","-1,63%"
"26.01.2020","0,8019","0,8063","0,8189","0,7911","11,35K","-0,55%"
"25.01.2020","0,8063","0,7882","0,8323","0,7513","12,33K","2,29%"
"24.01.2020","0,7882","0,7802","0,8260","0,7411","14,50K","1,03%"
"23.01.2020","0,7802","0,7160","0,7826","0,6733","10,65K","8,97%"
"22.01.2020","0,7160","0,7121","0,8993","0,6991","14,35K","0,55%"
"21.01.2020","0,7121","0,6811","0,7236","0,6799","8,25K","4,55%"
"20.01.2020","0,6811","0,6960","0,7099","0,6800","11,50K","-2,14%"
"19.01.2020","0,6960","0,7163","0,7324","0,6772","11,82K","-2,84%"
"18.01.2020","0,7163","0,7669","0,7968","0,7106","12,64K","-6,60%"
"17.01.2020","0,7669","0,6785","0,9161","0,6724","10,82K","13,04%"
"16.01.2020","0,6785","0,6713","0,6839","0,6405","16,57K","1,07%"
"15.01.2020","0,6713","0,6347","0,6931","0,6324","10,34K","5,76%"
"14.01.2020","0,6347","0,6157","0,6492","0,6102","14,04K","3,08%"
"13.01.2020","0,6157","0,6140","0,6399","0,6110","11,13K","0,28%"
"12.01.2020","0,6140","0,6200","0,6490","0,6099","9,27K","-0,96%"
"11.01.2020","0,6200","0,6426","0,6689","0,6147","11,15K","-3,53%"
"10.01.2020","0,6426","0,6760","0,7153","0,6080","12,02K","-4,94%"
"09.01.2020","0,6760","0,5791","0,7773","0,5582","20,39K","16,74%"
"08.01.2020","0,5791","0,5874","0,5874","0,5507","10,98K","-1,41%"
"07.01.2020","0,5874","0,5941","0,6109","0,5686","9,61K","-1,12%"
"06.01.2020","0,5941","0,5901","0,5981","0,5603","10,43K","0,66%"
"05.01.2020","0,5901","0,5881","0,5941","0,5596","13,46K","0,34%"
"04.01.2020","0,5881","0,5833","0,5895","0,5505","12,27K","0,83%"
"03.01.2020","0,5833","0,5519","0,5939","0,5491","10,48K","5,70%"
"02.01.2020","0,5519","0,5694","0,5783","0,5478","13,66K","-3,08%"
"01.01.2020","0,5694","0,5973","0,5982","0,5694","11,66K","-4,67%"
"31.12.2019","0,5973","0,6064","0,6117","0,5703","11,58K","-1,50%"
"30.12.2019","0,6064","0,5934","0,6162","0,5770","11,79K","2,19%"
"29.12.2019","0,5934","0,5953","0,6033","0,5724","8,34K","-0,32%"
"28.12.2019","0,5953","0,5913","0,6226","0,5732","14,54K","0,68%"
"27.12.2019","0,5913","0,5895","0,6105","0,5805","9,31K","0,30%"
"26.12.2019","0,5895","0,5822","0,6133","0,5645","12,82K","1,26%"
"25.12.2019","0,5822","0,5799","0,6057","0,5634","11,44K","0,40%"
"24.12.2019","0,5799","0,6110","0,6144","0,5582","12,09K","-5,10%"
"23.12.2019","0,6110","0,5609","0,6170","0,5501","12,05K","8,99%"
"22.12.2019","0,5606","0,5341","0,5642","0,5159","11,33K","4,96%"
"21.12.2019","0,5341","0,5365","0,5515","0,5231","10,69K","-0,44%"
"20.12.2019","0,5365","0,5363","0,5584","0,5078","10,93K","0,03%"
"19.12.2019","0,5363","0,5674","0,5711","0,5007","11,83K","-5,48%"
"18.12.2019","0,5674","0,4834","0,5709","0,4783","12,64K","17,39%"
"17.12.2019","0,4834","0,5780","0,5780","0,4746","11,45K","-16,38%"
"16.12.2019","0,5780","0,5826","0,6173","0,5752","11,55K","-0,79%"
"15.12.2019","0,5826","0,6092","0,6327","0,5782","12,59K","-4,36%"
"14.12.2019","0,6092","0,6379","0,6588","0,6020","9,46K","-4,49%"
"13.12.2019","0,6379","0,6602","0,6716","0,6337","11,87K","-3,38%"
"12.12.2019","0,6602","0,6673","0,6882","0,6544","9,92K","-1,07%"
"11.12.2019","0,6673","0,6619","0,6782","0,6533","11,80K","0,82%"
"10.12.2019","0,6619","0,6971","0,7017","0,6533","11,49K","-5,05%"
"09.12.2019","0,6971","0,7003","0,7081","0,6750","11,14K","2,23%"
"08.12.2019","0,6819","0,7018","0,7115","0,6764","12,92K","-2,84%"
"07.12.2019","0,7018","0,6658","0,7150","0,6658","9,82K","5,40%"
"06.12.2019","0,6658","0,6824","0,7327","0,6618","11,15K","-2,43%"
"05.12.2019","0,6824","0,6742","0,6973","0,6542","12,57K","1,21%"
"04.12.2019","0,6742","0,6723","0,6882","0,6553","10,23K","0,29%"
"03.12.2019","0,6723","0,6723","0,6790","0,6568","11,38K","0,00%"
"02.12.2019","0,6723","0,6871","0,7097","0,6529","11,21K","-2,16%"
"01.12.2019","0,6871","0,6794","0,7222","0,6689","11,82K","1,12%"
"30.11.2019","0,6794","0,7158","0,7399","0,6360","14,08K","-5,08%"
"29.11.2019","0,7158","0,6826","0,7170","0,6699","12,78K","4,86%"
"28.11.2019","0,6826","0,7086","0,7173","0,6768","11,62K","-3,67%"
"27.11.2019","0,7086","0,6653","0,7086","0,6607","10,13K","6,51%"
"26.11.2019","0,6653","0,6924","0,7088","0,6549","11,35K","-3,91%"
"25.11.2019","0,6924","0,6847","0,7126","0,6262","13,84K","1,12%"
"24.11.2019","0,6847","0,7124","0,7257","0,6785","10,27K","-3,89%"
"23.11.2019","0,7124","0,6916","0,7285","0,6846","11,83K","3,01%"
"22.11.2019","0,6916","0,7092","0,7104","0,6742","11,41K","-2,48%"
"21.11.2019","0,7092","0,7656","0,7685","0,6995","11,46K","-7,36%"
"20.11.2019","0,7656","0,7805","0,7906","0,7618","11,95K","-1,91%"
"19.11.2019","0,7805","0,8741","0,8741","0,7680","11,25K","-10,71%"
"18.11.2019","0,8741","0,8047","0,8741","0,7839","14,05K","8,63%"
"17.11.2019","0,8047","0,8099","0,8148","0,7939","12,33K","-0,65%"
"16.11.2019","0,8099","0,7588","0,8156","0,7582","9,61K","6,73%"
"15.11.2019","0,7588","0,7650","0,7900","0,7588","10,03K","-0,80%"
"14.11.2019","0,7650","0,7581","0,7864","0,7512","9,44K","0,91%"
"13.11.2019","0,7581","0,7684","0,7784","0,7504","12,23K","-1,34%"
"12.11.2019","0,7684","0,7599","0,7800","0,7501","13,62K","1,12%"
"11.11.2019","0,7599","0,7890","0,8143","0,7506","10,15K","-3,69%"
"10.11.2019","0,7890","0,7735","0,8179","0,7592","10,85K","2,01%"
"09.11.2019","0,7735","0,7604","0,7902","0,7543","12,64K","1,73%"
"08.11.2019","0,7604","0,8284","0,8312","0,7510","11,21K","-8,22%"
"07.11.2019","0,8284","0,8217","0,8383","0,7746","12,59K","0,82%"
"06.11.2019","0,8217","0,8143","0,8347","0,8114","4,12K","0,92%"
"05.11.2019","0,8143","0,7985","0,8168","0,7862","10,22K","1,98%"
"04.11.2019","0,7985","0,8362","0,8374","0,7803","11,84K","-4,52%"
"03.11.2019","0,8362","0,8104","0,8434","0,8089","10,23K","3,19%"
"02.11.2019","0,8104","0,8450","0,8469","0,7859","10,15K","-4,10%"
"01.11.2019","0,8450","0,8139","0,8450","0,8039","10,88K","3,83%"
"31.10.2019","0,8139","0,8083","0,8300","0,7835","13,11K","0,69%"
"30.10.2019","0,8083","0,8049","0,8241","0,7786","12,93K","0,43%"
"29.10.2019","0,8049","0,8043","0,8349","0,7901","11,81K","0,07%"
"28.10.2019","0,8043","0,8204","0,8314","0,7954","12,23K","-1,97%"
"27.10.2019","0,8204","0,7852","0,8275","0,7771","11,17K","4,48%"
"26.10.2019","0,7852","0,7817","0,8292","0,7653","10,85K","0,45%"
"25.10.2019","0,7817","0,7401","0,7853","0,7295","10,32K","5,63%"
"24.10.2019","0,7401","0,6955","0,7458","0,6862","11,58K","6,41%"
"23.10.2019","0,6955","0,7882","0,7923","0,6735","10,55K","-11,77%"
"22.10.2019","0,7882","0,7912","0,8144","0,7800","9,40K","-0,38%"
"21.10.2019","0,7912","0,8162","0,8251","0,7827","11,87K","-3,05%"
"20.10.2019","0,8162","0,8140","0,8181","0,7998","10,25K","0,27%"
"19.10.2019","0,8140","0,8119","0,8176","0,7638","11,08K","0,25%"
"18.10.2019","0,8119","0,8301","0,8697","0,7995","12,71K","-2,19%"
"17.10.2019","0,8301","0,8060","0,8362","0,8023","11,89K","2,99%"
"16.10.2019","0,8060","0,8216","0,8531","0,8001","11,49K","-1,91%"
"15.10.2019","0,8216","0,8634","0,8854","0,8216","12,78K","-4,84%"
"14.10.2019","0,8634","0,8622","0,8718","0,8254","11,68K","0,13%"
"13.10.2019","0,8622","0,8921","0,9150","0,8500","12,33K","-3,35%"
"12.10.2019","0,8921","0,9163","0,9310","0,8921","11,33K","-2,64%"
"11.10.2019","0,9163","0,9050","0,9336","0,9013","11,34K","1,25%"
"10.10.2019","0,9050","0,9177","0,9326","0,9010","12,02K","-1,38%"
"09.10.2019","0,9177","0,9646","0,9723","0,9009","10,14K","-4,87%"
"08.10.2019","0,9646","0,9295","0,9848","0,9137","11,10K","3,78%"
"07.10.2019","0,9295","0,8821","0,9424","0,8790","11,00K","5,37%"
"06.10.2019","0,8821","0,8791","0,9100","0,8756","11,25K","0,34%"
"05.10.2019","0,8791","0,9178","0,9234","0,8783","10,54K","-4,22%"
"04.10.2019","0,9178","0,8939","0,9179","0,8564","11,74K","2,67%"
"03.10.2019","0,8939","0,9036","0,9080","0,8539","11,98K","-1,07%"
"02.10.2019","0,9036","0,8858","0,9201","0,8666","9,87K","2,01%"
"01.10.2019","0,8858","0,8713","0,9196","0,8619","10,31K","1,67%"
"30.09.2019","0,8713","0,8820","0,8996","0,8439","13,46K","-1,22%"
"29.09.2019","0,8820","0,8864","0,9224","0,8501","9,46K","-0,49%"
"28.09.2019","0,8864","0,8972","0,9401","0,8864","10,42K","-1,21%"
"27.09.2019","0,8972","0,9028","0,9340","0,8537","13,09K","-0,62%"
"26.09.2019","0,9028","0,9126","0,9672","0,8503","12,63K","-1,07%"
"25.09.2019","0,9126","0,8876","0,9500","0,7500","12,11K","2,81%"
"24.09.2019","0,8876","0,9783","0,9895","0,8486","10,95K","-9,27%"
"23.09.2019","0,9783","0,9903","0,9970","0,9597","11,89K","-0,33%"
"22.09.2019","0,9815","1,0211","1,0482","0,9804","13,36K","-3,88%"
"21.09.2019","1,0211","1,0297","1,0574","1,0014","11,31K","-0,83%"
"20.09.2019","1,0297","1,0120","1,0995","0,9889","10,09K","1,75%"
"19.09.2019","1,0120","1,0330","1,0635","0,9804","11,90K","-2,03%"
"18.09.2019","1,0330","0,9918","1,0823","0,9774","12,04K","4,15%"
"17.09.2019","0,9918","0,9566","0,9962","0,9545","13,03K","3,68%"
"16.09.2019","0,9566","0,9568","0,9797","0,9536","11,80K","-0,02%"
"15.09.2019","0,9568","0,9770","0,9990","0,9498","11,73K","-2,07%"
"14.09.2019","0,9770","0,9801","1,0277","0,9347","11,38K","-0,32%"
"13.09.2019","0,9801","1,0144","1,0491","0,9480","12,31K","-3,37%"
"12.09.2019","1,0144","1,0201","1,0463","0,9430","14,97K","-0,57%"
"11.09.2019","1,0201","1,0377","1,0725","0,9916","10,98K","-1,70%"
"10.09.2019","1,0377","1,0701","1,1217","0,9673","11,43K","-3,02%"
"09.09.2019","1,0701","1,0823","1,1229","1,0522","11,17K","-1,13%"
"08.09.2019","1,0823","1,0761","1,1666","1,0415","11,89K","0,58%"
"07.09.2019","1,0761","1,0348","1,0884","1,0323","10,94K","4,00%"
"06.09.2019","1,0348","1,0849","1,0923","1,0269","14,09K","-4,62%"
"05.09.2019","1,0849","1,1286","1,1472","1,0707","11,22K","-3,87%"
"04.09.2019","1,1286","1,1576","1,1703","1,1009","12,07K","-2,51%"
"03.09.2019","1,1576","1,1777","1,1900","1,1084","10,28K","-1,70%"
"02.09.2019","1,1777","1,1503","1,1777","1,0970","10,99K","2,38%"
"01.09.2019","1,1503","1,1114","1,1602","1,1066","10,35K","3,49%"
"31.08.2019","1,1114","1,1451","1,1681","1,0850","10,66K","-2,94%"
"30.08.2019","1,1451","1,1434","1,1982","1,0796","10,60K","0,15%"
"29.08.2019","1,1434","1,1218","1,1794","1,1119","12,19K","1,92%"
"28.08.2019","1,1218","1,2364","1,2901","1,1111","11,38K","-9,27%"
"27.08.2019","1,2364","1,2037","1,2457","1,2036","12,07K","2,72%"
"26.08.2019","1,2037","1,2249","1,2350","1,2024","10,35K","-1,73%"
"25.08.2019","1,2249","1,2114","1,3099","1,2031","10,70K","1,12%"
"24.08.2019","1,2114","1,2862","1,3096","1,1727","12,84K","-5,81%"
"23.08.2019","1,2862","1,2189","1,3049","1,2096","11,02K","5,52%"
"22.08.2019","1,2189","1,1900","1,2866","1,1808","10,42K","2,43%"
"21.08.2019","1,1900","1,2142","1,2237","1,1542","12,74K","-1,99%"
"20.08.2019","1,2142","1,2437","1,2863","1,1824","11,42K","-2,37%"
"19.08.2019","1,2437","1,2354","1,2718","1,2323","8,72K","0,67%"
"18.08.2019","1,2354","1,3004","1,3148","1,2206","10,50K","-5,00%"
"17.08.2019","1,3004","1,1780","1,4490","1,1770","12,78K","10,39%"
"16.08.2019","1,1780","1,2186","1,2483","1,1608","11,53K","-3,33%"
"15.08.2019","1,2186","1,1982","1,2412","1,1475","11,53K","1,71%"
"14.08.2019","1,1982","1,2415","1,2658","1,1562","10,64K","-3,49%"
"13.08.2019","1,2415","1,2205","1,2648","1,1901","11,26K","1,72%"
"12.08.2019","1,2205","1,2638","1,2982","1,2120","10,22K","-3,43%"
"11.08.2019","1,2638","1,2188","1,2992","1,1767","11,34K","3,69%"
"10.08.2019","1,2188","1,2446","1,3268","1,1792","10,30K","-2,07%"
"09.08.2019","1,2446","1,2647","1,2841","1,2446","11,40K","-1,59%"
"08.08.2019","1,2647","1,2642","1,3849","1,2418","10,72K","0,03%"
"07.08.2019","1,2642","1,2517","1,3742","1,2363","8,89K","1,00%"
"06.08.2019","1,2517","1,3103","1,3374","1,2004","4,84K","-4,47%"
"05.08.2019","1,3103","1,3390","1,3696","1,2888","2,89K","-2,14%"
"04.08.2019","1,3390","1,3433","1,3673","1,3266","3,58K","-0,32%"
"03.08.2019","1,3433","1,3440","1,3825","1,3297","3,36K","-0,06%"
"02.08.2019","1,3440","1,3054","1,4117","1,3054","3,27K","2,96%"
"01.08.2019","1,3054","1,4250","1,4365","1,2250","4,21K","-8,40%"
"31.07.2019","1,4250","1,3832","1,4715","1,3699","3,71K","3,02%"
"30.07.2019","1,3832","1,4009","1,4313","1,3771","3,53K","-1,27%"
"29.07.2019","1,4009","1,3710","1,4534","1,3710","5,98K","2,19%"
"28.07.2019","1,3710","1,4633","1,4931","1,3524","2,98K","-6,31%"
"27.07.2019","1,4633","1,5652","1,5935","1,4556","3,70K","-6,51%"
"26.07.2019","1,5652","1,6257","1,6257","1,5652","4,87K","-3,72%"
"25.07.2019","1,6257","1,6345","1,7092","1,5740","3,09K","-0,54%"
"24.07.2019","1,6345","1,5197","1,7034","1,4941","4,23K","7,55%"
"23.07.2019","1,5197","1,5312","1,7452","1,3488","7,83K","-0,75%"
"22.07.2019","1,5312","1,4711","1,5363","1,4416","5,53K","4,08%"
"21.07.2019","1,4711","1,5133","1,5291","1,3362","4,85K","-2,79%"
"20.07.2019","1,5133","1,3213","1,5170","1,3213","4,02K","14,53%"
"19.07.2019","1,3213","1,2876","1,3396","1,2636","2,95K","2,61%"
"18.07.2019","1,2876","1,2691","1,3233","1,1985","2,79K","1,46%"
"17.07.2019","1,2691","1,1044","1,3111","1,1044","2,32K","14,91%"
"16.07.2019","1,1044","1,2847","1,3240","1,0439","3,04K","-14,04%"
"15.07.2019","1,2847","1,3176","1,3750","1,2012","3,72K","-2,49%"
"14.07.2019","1,3176","1,4754","1,5527","1,3123","4,54K","-10,70%"
"13.07.2019","1,4754","1,5206","1,5995","1,3543","3,91K","-2,97%"
"12.07.2019","1,5206","1,4069","1,6339","1,4042","6,56K","8,08%"
"11.07.2019","1,4069","1,5402","1,5445","1,3364","4,08K","-8,66%"
"10.07.2019","1,5402","1,6025","1,7086","1,5290","4,45K","-3,88%"
"09.07.2019","1,6023","1,7094","1,7778","1,5457","2,95K","-6,27%"
"08.07.2019","1,7094","1,7134","1,7763","1,6654","4,57K","-0,23%"
"07.07.2019","1,7134","1,7134","1,8085","1,6940","3,81K","0,00%"
"06.07.2019","1,7134","1,6629","1,7309","1,6091","1,39K","3,02%"
"05.07.2019","1,6632","1,6665","1,7035","1,6040","3,58K","-0,20%"
"04.07.2019","1,6665","1,7514","1,7860","1,6665","9,11K","-4,84%"
"03.07.2019","1,7514","1,7419","1,7921","1,6888","3,44K","0,54%"
"02.07.2019","1,7419","1,7711","1,8430","1,6004","2,68K","-1,65%"
"01.07.2019","1,7711","1,8729","1,8859","1,7265","4,50K","-5,44%"
"30.06.2019","1,8729","1,9014","1,9212","1,7986","4,62K","-1,50%"
"29.06.2019","1,9014","1,9205","1,9291","1,7682","5,91K","-0,99%"
"28.06.2019","1,9205","1,8814","2,0289","1,7781","4,90K","2,08%"
"27.06.2019","1,8814","2,0033","2,0618","1,8123","5,83K","-6,08%"
"26.06.2019","2,0033","2,0318","2,1544","1,9250","5,63K","-1,40%"
"25.06.2019","2,0318","2,0666","2,1047","2,0001","4,48K","-1,68%"
"24.06.2019","2,0666","2,0933","2,1099","2,0460","4,52K","-1,28%"
"23.06.2019","2,0933","2,1148","2,1601","2,0516","5,38K","-1,01%"
"22.06.2019","2,1148","2,0460","2,1471","1,9787","10,09K","3,36%"
"21.06.2019","2,0460","2,0403","2,1076","1,9913","8,78K","0,28%"
"20.06.2019","2,0403","2,0855","2,1223","2,0128","4,27K","-2,17%"
"19.06.2019","2,0855","2,0596","2,1134","2,0427","3,92K","1,26%"
"18.06.2019","2,0596","2,2132","2,2138","2,0526","4,86K","-6,94%"
"17.06.2019","2,2132","2,0801","2,2132","2,0360","7,85K","6,40%"
"16.06.2019","2,0801","1,9707","2,4401","1,8864","17,01K","5,55%"
"15.06.2019","1,9707","1,9940","2,0420","1,9330","6,51K","-1,17%"
"14.06.2019","1,9940","2,0278","2,1071","1,9693","4,43K","-1,67%"
"13.06.2019","2,0278","2,0525","2,2270","2,0131","6,19K","-1,20%"
"12.06.2019","2,0525","2,0523","2,0906","2,0069","3,39K","0,01%"
"11.06.2019","2,0523","2,0599","2,0897","1,9981","1,60K","-0,36%"
"10.06.2019","2,0599","1,9320","2,0599","1,9244","2,17K","6,62%"
"09.06.2019","1,9320","2,0604","2,0987","1,9120","3,57K","-6,23%"
"08.06.2019","2,0604","2,1649","2,1784","2,0208","2,30K","-4,83%"
"07.06.2019","2,1649","1,9322","2,1909","1,9263","2,04K","12,04%"
"06.06.2019","1,9322","1,9360","2,0105","1,8159","2,66K","-0,20%"
"05.06.2019","1,9360","1,9255","2,0442","1,9249","2,90K","0,54%"
"04.06.2019","1,9255","2,0717","2,0717","1,9121","7,10K","-7,06%"
"03.06.2019","2,0717","2,1406","2,1436","2,0429","3,72K","-3,22%"
"02.06.2019","2,1406","2,0729","2,1746","2,0354","3,41K","3,26%"
"01.06.2019","2,0729","2,0271","2,1309","2,0030","6,40K","2,26%"
"31.05.2019","2,0271","2,0014","2,1196","1,9327","3,95K","1,29%"
"30.05.2019","2,0014","2,1126","2,2491","1,9234","10,00K","-5,26%"
"29.05.2019","2,1126","2,0919","2,1171","1,9849","6,29K","0,99%"
"28.05.2019","2,0919","2,0025","2,1530","1,9984","6,31K","4,47%"
"27.05.2019","2,0025","2,0152","2,0562","1,9558","5,17K","-0,63%"
"26.05.2019","2,0152","1,9538","2,0272","1,9390","2,68K","3,12%"
"25.05.2019","1,9542","1,8837","2,0723","1,8836","3,32K","3,74%"
"24.05.2019","1,8837","1,9048","1,9714","1,8731","3,87K","-1,11%"
"23.05.2019","1,9048","1,8740","1,9300","1,8315","3,18K","1,64%"
"22.05.2019","1,8740","2,0179","2,0308","1,8681","3,00K","-7,13%"
"21.05.2019","2,0179","1,9750","2,0396","1,9239","5,28K","2,17%"
"20.05.2019","1,9750","2,0402","2,0402","1,9373","3,28K","-3,19%"
"19.05.2019","2,0402","1,9999","2,1091","1,9566","5,38K","2,01%"
"18.05.2019","1,9999","1,9732","2,0059","1,9344","1,86K","1,35%"
"17.05.2019","1,9732","2,1771","2,1923","1,8544","8,14K","-9,36%"
"16.05.2019","2,1771","2,0742","2,3167","2,0527","5,19K","6,84%"
"15.05.2019","2,0377","1,8929","2,1981","1,8386","4,87K","7,65%"
"14.05.2019","1,8929","1,7631","1,9535","1,7595","4,44K","7,36%"
"13.05.2019","1,7631","1,7545","2,0603","1,7319","4,65K","0,49%"
"12.05.2019","1,7545","1,9450","2,0014","1,6506","6,05K","-9,79%"
"11.05.2019","1,9450","1,7776","1,9899","1,7540","4,60K","9,42%"
"10.05.2019","1,7775","1,7416","1,8441","1,6896","2,63K","2,06%"
"09.05.2019","1,7416","1,6579","1,7556","1,6579","2,28K","5,05%"
"08.05.2019","1,6579","1,6893","1,6971","1,6249","3,91K","-1,86%"
"07.05.2019","1,6893","1,7102","1,7237","1,6294","3,61K","-1,22%"
"06.05.2019","1,7102","1,6863","1,7347","1,6098","2,61K","1,41%"
"05.05.2019","1,6863","1,7811","1,7840","1,6800","2,96K","-5,32%"
"04.05.2019","1,7811","1,7850","1,8189","1,7128","2,50K","-0,22%"
"03.05.2019","1,7850","1,7239","1,8248","1,7201","2,29K","3,55%"
"02.05.2019","1,7239","1,7873","1,8042","1,7200","2,14K","-3,55%"
"01.05.2019","1,7873","1,6831","1,8053","1,6831","3,52K","6,19%"
"30.04.2019","1,6831","1,7095","1,7459","1,6398","3,76K","-1,54%"
"29.04.2019","1,7095","1,7824","1,7989","1,6686","1,04K","-4,09%"
"28.04.2019","1,7824","1,8274","1,8284","1,7656","2,79K","-2,47%"
"27.04.2019","1,8274","1,7608","1,9025","1,7608","3,65K","3,79%"
"26.04.2019","1,7608","1,7249","1,8597","1,7200","5,71K","2,08%"
"25.04.2019","1,7249","1,8703","1,9179","1,6345","3,15K","-7,77%"
"24.04.2019","1,8703","1,9853","2,0097","1,8517","2,49K","-5,79%"
"23.04.2019","1,9853","1,9891","2,0604","1,9653","2,73K","-0,19%"
"22.04.2019","1,9891","1,9977","2,0279","1,9526","3,74K","-0,43%"
"21.04.2019","1,9977","2,0825","2,0981","1,9017","3,26K","-4,07%"
"20.04.2019","2,0825","2,0528","2,1048","2,0235","2,23K","1,44%"
"19.04.2019","2,0528","2,0385","2,0595","1,9973","1,87K","0,70%"
"18.04.2019","2,0385","1,9985","2,0717","1,9888","3,30K","2,00%"
"17.04.2019","1,9985","2,0088","2,0961","1,9985","3,92K","-0,51%"
"16.04.2019","2,0088","1,9432","2,0379","1,9114","2,89K","3,38%"
"15.04.2019","1,9432","2,0158","2,1122","1,8365","3,71K","-3,60%"
"14.04.2019","2,0158","1,9550","2,0193","1,9237","3,20K","3,11%"
"13.04.2019","1,9550","1,9344","2,0174","1,8650","3,14K","1,07%"
"12.04.2019","1,9344","1,9278","1,9551","1,8568","3,19K","0,34%"
"11.04.2019","1,9278","2,1237","2,1491","1,8095","5,89K","-9,23%"
"10.04.2019","2,1237","2,0947","2,2045","2,0327","3,31K","1,39%"
"09.04.2019","2,0947","2,0946","2,1289","2,0030","5,09K","0,01%"
"08.04.2019","2,0946","2,0949","2,1761","2,0512","5,01K","-0,02%"
"07.04.2019","2,0949","2,1012","2,2240","2,0519","4,62K","-0,30%"
"06.04.2019","2,1012","2,1757","2,1883","2,0900","6,64K","-3,42%"
"05.04.2019","2,1757","2,1302","2,2949","2,1197","4,34K","2,14%"
"04.04.2019","2,1302","2,0458","2,2491","1,9865","6,64K","4,13%"
"03.04.2019","2,0458","1,8830","2,1551","1,8822","9,97K","8,65%"
"02.04.2019","1,8830","1,7614","1,9128","1,7391","8,64K","6,90%"
"01.04.2019","1,7614","1,7608","1,7972","1,7417","4,61K","0,02%"
"31.03.2019","1,7609","1,7771","1,7824","1,7259","4,11K","-0,91%"
"30.03.2019","1,7771","1,7123","1,7787","1,6717","4,45K","3,79%"
"29.03.2019","1,7123","1,6229","1,7607","1,6223","3,40K","5,51%"
"28.03.2019","1,6229","1,6793","1,6793","1,6223","6,23K","-3,36%"
"27.03.2019","1,6793","1,5478","1,6886","1,5295","7,01K","10,27%"
"26.03.2019","1,5229","1,5401","1,5920","1,4964","2,98K","-1,11%"
"25.03.2019","1,5401","1,5584","1,5730","1,5112","3,72K","-1,17%"
"24.03.2019","1,5584","1,5440","1,5688","1,5064","1,38K","0,93%"
"23.03.2019","1,5440","1,5309","1,5581","1,4941","3,54K","0,85%"
"22.03.2019","1,5309","1,4983","1,5614","1,4737","4,07K","2,18%"
"21.03.2019","1,4983","1,5344","1,5861","1,4775","4,08K","-2,35%"
"20.03.2019","1,5344","1,5726","1,5932","1,5116","8,63K","-2,42%"
"19.03.2019","1,5726","1,5810","2,2398","1,5301","3,55K","-0,53%"
"18.03.2019","1,5810","1,5988","1,6054","1,5382","3,56K","-1,12%"
"17.03.2019","1,5988","1,5049","1,6350","1,4967","3,63K","6,24%"
"16.03.2019","1,5049","1,5450","1,5998","1,5048","7,56K","-2,59%"
"15.03.2019","1,5450","1,5706","1,6869","1,5062","13,49K","-1,63%"
"14.03.2019","1,5706","1,3976","1,6485","1,3972","14,54K","12,38%"
"13.03.2019","1,3976","1,3852","1,4038","1,3475","7,58K","0,89%"
"12.03.2019","1,3852","1,2813","1,4038","1,2619","6,96K","8,11%"
"11.03.2019","1,2813","1,2705","1,2843","1,2431","2,88K","0,86%"
"10.03.2019","1,2705","1,2716","1,3004","1,2538","4,49K","-0,09%"
"09.03.2019","1,2716","1,2627","1,2964","1,2455","3,83K","-0,91%"
"08.03.2019","1,2834","1,2951","1,3245","1,2692","5,07K","-0,91%"
"07.03.2019","1,2951","1,2545","1,3109","1,2507","3,09K","3,24%"
"06.03.2019","1,2545","1,2321","1,2785","1,2221","3,07K","1,82%"
"05.03.2019","1,2321","1,1937","1,2757","1,1306","2,88K","3,22%"
"04.03.2019","1,1937","1,2307","1,2307","1,1506","2,14K","-3,01%"
"03.03.2019","1,2307","1,2174","1,2439","1,2069","1,08K","1,10%"
"02.03.2019","1,2174","1,2090","1,2342","1,2055","3,06K","0,70%"
"01.03.2019","1,2090","1,2360","1,2548","1,2090","2,78K","-2,19%"
"28.02.2019","1,2360","1,1939","1,2438","1,1939","1,76K","3,52%"
"27.02.2019","1,1939","1,2305","1,2526","1,1930","3,92K","-2,97%"
"26.02.2019","1,2305","1,1983","1,2637","1,1856","2,77K","2,69%"
"25.02.2019","1,1982","1,2325","1,2592","1,1878","3,44K","-2,79%"
"24.02.2019","1,2325","1,2888","1,3139","1,1778","7,44K","-4,36%"
"23.02.2019","1,2888","1,2494","1,2954","1,2242","3,43K","3,15%"
"22.02.2019","1,2494","1,2288","1,2603","1,2196","4,89K","1,67%"
"21.02.2019","1,2288","1,2415","1,2433","1,2132","4,53K","-1,02%"
"20.02.2019","1,2415","1,2252","1,2426","1,2183","3,38K","1,33%"
"19.02.2019","1,2252","1,2408","1,2527","1,1957","6,68K","-1,25%"
"18.02.2019","1,2408","1,2221","1,2459","1,1696","4,75K","1,53%"
"17.02.2019","1,2221","1,1520","1,2248","1,1504","4,43K","6,08%"
"16.02.2019","1,1520","1,1169","1,1663","1,1103","4,05K","3,14%"
"15.02.2019","1,1169","1,1223","1,1478","1,1109","2,90K","-0,48%"
"14.02.2019","1,1223","1,1188","1,1431","1,1057","3,61K","0,31%"
"13.02.2019","1,1188","1,1506","1,1506","1,1016","3,08K","-2,76%"
"12.02.2019","1,1506","1,1751","1,1811","1,1076","3,64K","-2,09%"
"11.02.2019","1,1751","1,1394","1,1948","1,0709","1,96K","3,13%"
"10.02.2019","1,1394","1,1264","1,1394","1,0806","2,37K","1,16%"
"09.02.2019","1,1264","1,1133","1,1295","1,0442","5,51K","1,18%"
"08.02.2019","1,1133","1,0666","1,1409","0,9271","8,46K","4,37%"
"07.02.2019","1,0666","1,0316","1,0738","0,9996","4,48K","3,39%"
"06.02.2019","1,0316","1,0718","1,0810","0,8618","3,67K","-3,75%"
"05.02.2019","1,0718","1,0967","1,1203","1,0670","6,10K","-2,27%"
"04.02.2019","1,0967","1,1145","1,1278","1,0933","3,49K","-1,60%"
"03.02.2019","1,1145","1,0768","1,1245","1,0759","4,15K","3,50%"
"02.02.2019","1,0768","1,1024","1,1103","1,0702","2,93K","-2,33%"
"01.02.2019","1,1024","1,1080","1,1387","1,0832","2,58K","-0,50%"
"31.01.2019","1,1080","1,1319","1,1411","1,0860","2,40K","-2,11%"
"30.01.2019","1,1319","1,1049","1,1559","1,0828","2,92K","2,44%"
"29.01.2019","1,1049","1,1578","1,1765","1,0817","3,54K","-4,57%"
"28.01.2019","1,1578","1,1994","1,2050","1,0875","4,14K","-3,47%"
"27.01.2019","1,1994","1,2190","1,2282","1,1445","2,20K","-1,61%"
"26.01.2019","1,2190","1,2564","1,2630","1,2133","3,78K","-2,98%"
"25.01.2019","1,2564","1,2580","1,2805","1,2282","2,22K","-0,13%"
"24.01.2019","1,2580","1,2166","1,2948","1,2130","3,56K","3,40%"
"23.01.2019","1,2166","1,2424","1,2704","1,1886","8,17K","-2,07%"
"22.01.2019","1,2424","1,2254","1,2424","1,1060","4,34K","1,39%"
"21.01.2019","1,2254","1,2690","1,2750","1,1848","2,10K","-3,44%"
"20.01.2019","1,2690","1,2719","1,2964","1,2001","3,00K","-0,23%"
"19.01.2019","1,2719","1,2469","1,2831","1,2236","2,80K","2,01%"
"18.01.2019","1,2469","1,2396","1,2619","1,2090","3,23K","0,58%"
"17.01.2019","1,2396","1,1808","1,2540","1,1806","2,56K","1,94%"
"16.01.2019","1,2161","1,2069","1,2433","1,1693","5,07K","0,76%"
"15.01.2019","1,2069","1,2108","1,2420","1,1821","3,96K","-0,32%"
"14.01.2019","1,2108","1,1633","1,2367","1,1109","4,23K","4,08%"
"13.01.2019","1,1633","1,2664","1,2664","1,1210","4,14K","-8,14%"
"12.01.2019","1,2664","1,2173","1,2906","1,1862","4,64K","4,04%"
"11.01.2019","1,2173","1,1927","1,2186","1,1882","7,68K","2,06%"
"10.01.2019","1,1927","1,3244","1,3455","1,1633","5,60K","-9,94%"
"09.01.2019","1,3244","1,3214","1,3874","1,3208","2,43K","-0,98%"
"08.01.2019","1,3375","1,3397","1,4280","1,3107","3,53K","-0,17%"
"07.01.2019","1,3397","1,4295","1,4438","1,3370","3,35K","-6,28%"
"06.01.2019","1,4295","1,3441","1,4678","1,3277","6,10K","6,35%"
"05.01.2019","1,3441","1,3246","1,3877","1,3073","2,99K","1,47%"
"04.01.2019","1,3246","1,3204","1,3438","1,3026","2,53K","0,32%"
"03.01.2019","1,3204","1,3653","1,3790","1,3143","4,52K","-3,29%"
"02.01.2019","1,3653","1,3445","1,3987","1,3288","3,66K","1,54%"
"01.01.2019","1,3445","1,2794","1,3553","1,2755","3,12K","5,09%"
"31.12.2018","1,2794","1,4343","1,5044","1,2671","5,44K","-10,80%"
"30.12.2018","1,4343","1,4601","1,5313","1,3440","2,41K","-1,77%"
"29.12.2018","1,4601","1,4744","1,5200","1,3294","4,59K","-0,97%"
"28.12.2018","1,4744","1,3880","1,5023","1,3041","2,92K","6,22%"
"27.12.2018","1,3880","1,3950","1,5134","1,3087","5,58K","-0,50%"
"26.12.2018","1,3950","1,3759","1,4707","1,3523","3,27K","1,39%"
"25.12.2018","1,3759","1,4995","1,5001","1,3462","3,78K","-8,25%"
"24.12.2018","1,4995","1,4600","1,5625","1,4595","5,48K","2,71%"
"23.12.2018","1,4600","1,4029","1,5175","1,4029","3,36K","4,07%"
"22.12.2018","1,4029","1,3748","1,4512","1,3485","4,58K","2,05%"
"21.12.2018","1,3748","1,5726","1,5932","1,3312","11,68K","-12,58%"
"20.12.2018","1,5726","1,3917","1,5955","1,3771","9,85K","12,99%"
"19.12.2018","1,3918","1,2480","1,5959","1,2452","9,39K","11,02%"
"18.12.2018","1,2536","1,2148","1,2711","1,1990","5,20K","3,20%"
"17.12.2018","1,2148","1,1304","1,2620","1,0771","8,11K","7,46%"
"16.12.2018","1,1304","1,0922","1,1444","1,0893","2,53K","3,50%"
"15.12.2018","1,0922","1,1076","1,1378","1,0711","3,97K","-1,39%"
"14.12.2018","1,1076","1,1343","1,1434","1,0689","4,94K","-2,35%"
"13.12.2018","1,1343","1,1754","1,1797","1,1343","3,03K","-3,49%"
"12.12.2018","1,1754","1,1611","1,2055","1,1428","5,89K","1,18%"
"11.12.2018","1,1617","1,1723","1,1985","1,1501","5,55K","-0,91%"
"10.12.2018","1,1723","1,2728","1,2843","1,1657","4,21K","-7,90%"
"09.12.2018","1,2728","1,1937","1,3539","1,1925","6,77K","6,63%"
"08.12.2018","1,1937","1,2306","1,2583","1,1716","4,33K","-3,00%"
"07.12.2018","1,2306","1,3088","1,3169","1,1869","3,19K","-5,98%"
"06.12.2018","1,3088","1,4077","1,4553","1,2880","3,71K","-7,02%"
"05.12.2018","1,4077","1,4210","1,4558","1,3495","3,35K","-0,94%"
"04.12.2018","1,4210","1,4051","1,4653","1,3524","3,20K","1,14%"
"03.12.2018","1,4051","1,4888","1,4993","1,2913","2,23K","-5,62%"
"02.12.2018","1,4888","1,5045","1,5236","1,4204","1,48K","-1,04%"
"01.12.2018","1,5045","1,4680","1,5823","1,3996","3,07K","2,48%"
"30.11.2018","1,4680","1,5259","1,7301","1,3903","4,47K","-3,79%"
"29.11.2018","1,5259","1,5935","1,6171","1,5074","3,26K","-4,24%"
"28.11.2018","1,5935","1,4061","1,6312","1,3608","5,11K","13,32%"
"27.11.2018","1,4061","1,3591","1,4375","1,2352","2,26K","3,46%"
"26.11.2018","1,3591","1,4458","1,4511","1,2865","4,52K","-6,00%"
"25.11.2018","1,4458","1,3483","1,4518","1,2561","10,48K","7,24%"
"24.11.2018","1,3483","1,4990","1,6389","1,3413","2,70K","-10,05%"
"23.11.2018","1,4990","1,5686","1,7571","1,4908","2,97K","-4,44%"
"22.11.2018","1,5686","1,5929","2,7125","1,4904","3,31K","-1,52%"
"21.11.2018","1,5929","1,6333","1,7468","1,4927","2,92K","-2,47%"
"20.11.2018","1,6333","1,5889","2,0370","1,5486","4,79K","2,79%"
"19.11.2018","1,5889","2,1006","2,1507","1,3024","6,49K","-24,36%"
"18.11.2018","2,1006","2,1101","2,1335","2,1003","0,22K","-0,45%"
"17.11.2018","2,1101","2,1819","2,1881","2,0282","6,75K","-3,29%"
"16.11.2018","2,1819","2,1585","2,3637","2,1516","1,13K","1,08%"
"15.11.2018","2,1586","2,3902","2,3904","2,1297","3,26K","-9,69%"
"14.11.2018","2,3902","2,6626","2,7128","2,3497","5,92K","-10,23%"
"13.11.2018","2,6626","2,8026","2,8029","2,6591","1,27K","-5,00%"
"12.11.2018","2,8026","2,7443","2,9773","2,7443","1,09K","2,12%"
"11.11.2018","2,7443","2,7298","2,7730","2,6500","1,33K","0,53%"
"10.11.2018","2,7298","2,7701","2,7843","2,7293","0,28K","-1,46%"
"09.11.2018","2,7701","2,7764","2,8205","2,7391","1,47K","-0,23%"
"08.11.2018","2,7764","2,9085","2,9148","2,7750","1,52K","-4,54%"
"07.11.2018","2,9085","2,8430","2,9835","2,8324","0,75K","2,30%"
"06.11.2018","2,8430","2,8893","2,8961","2,7502","2,79K","-1,60%"
"05.11.2018","2,8893","2,8683","2,8905","2,6949","2,36K","0,73%"
"04.11.2018","2,8683","2,7196","2,8688","2,6991","2,91K","5,47%"
"03.11.2018","2,7196","2,7550","2,7726","2,6934","0,09K","-1,28%"
"02.11.2018","2,7550","2,7516","2,7702","2,7152","0,17K","0,12%"
"01.11.2018","2,7516","2,7784","2,7840","2,7367","2,15K","-0,97%"
"31.10.2018","2,7784","2,7488","2,8735","2,7043","2,40K","1,08%"
"30.10.2018","2,7488","2,7406","2,7825","2,7351","0,58K","0,30%"
"29.10.2018","2,7406","2,8650","2,8668","2,6637","2,64K","-4,34%"
"28.10.2018","2,8650","2,8360","2,8650","2,7931","0,12K","1,02%"
"27.10.2018","2,8360","2,9173","2,9259","2,8360","2,20K","-2,79%"
"26.10.2018","2,9173","2,9701","2,9890","2,8161","2,17K","-1,78%"
"25.10.2018","2,9701","3,1161","3,1173","2,9147","2,43K","-4,69%"
"24.10.2018","3,1161","3,1251","3,1437","3,0933","1,14K","-0,29%"
"23.10.2018","3,1251","3,0057","3,1506","3,0048","5,01K","3,97%"
"22.10.2018","3,0057","2,8930","3,1071","2,8913","5,56K","3,90%"
"21.10.2018","2,8930","2,8828","3,0570","2,8510","4,52K","0,35%"
"20.10.2018","2,8828","2,8354","2,8880","2,8072","1,84K","1,67%"
"19.10.2018","2,8354","2,8797","2,9013","2,8317","4,13K","-1,54%"
"18.10.2018","2,8797","2,9867","3,0196","2,8358","3,73K","-3,58%"
"17.10.2018","2,9867","3,1013","3,1013","2,8982","1,91K","-3,69%"
"16.10.2018","3,1013","2,9131","3,1049","2,8569","3,08K","6,46%"
"15.10.2018","2,9131","2,9010","3,1425","2,8326","3,76K","0,42%"
"14.10.2018","2,9010","2,9329","2,9522","2,8670","0,93K","-1,09%"
"13.10.2018","2,9329","2,9579","2,9941","2,7223","3,57K","-0,84%"
"12.10.2018","2,9579","3,0619","3,0619","2,9579","1,81K","-3,40%"
"11.10.2018","3,0619","3,4042","3,4042","3,0410","10,14K","-10,06%"
"10.10.2018","3,4042","3,2603","3,4247","3,2230","5,77K","4,41%"
"09.10.2018","3,2603","3,3414","3,3476","3,2504","0,96K","-2,43%"
"08.10.2018","3,3414","3,2399","3,3547","3,1840","0,33K","3,13%"
"07.10.2018","3,2399","3,2996","3,3031","3,2014","0,91K","-1,81%"
"06.10.2018","3,2996","3,2130","3,3394","3,2079","2,32K","2,69%"
"05.10.2018","3,2130","3,2091","3,2963","3,1292","5,18K","0,12%"
"04.10.2018","3,2091","3,0773","3,3521","3,0773","1,60K","4,29%"
"03.10.2018","3,0773","3,2851","3,3111","3,0773","1,79K","-6,33%"
"02.10.2018","3,2851","3,3285","3,3491","3,2653","2,53K","-1,31%"
"01.10.2018","3,3285","3,4309","3,4309","3,2815","1,31K","-2,98%"
"30.09.2018","3,4309","3,2918","3,5014","3,2886","1,04K","4,23%"
"29.09.2018","3,2918","3,3050","3,3348","3,2730","1,31K","-0,40%"
"28.09.2018","3,3050","3,2960","3,4619","3,2688","2,06K","0,27%"
"27.09.2018","3,2960","3,1844","3,4400","3,1746","4,75K","3,51%"
"26.09.2018","3,1844","3,2228","3,3461","3,1646","4,62K","-1,19%"
"25.09.2018","3,2228","3,3891","3,3935","3,0230","3,79K","-4,91%"
"24.09.2018","3,3891","3,4774","3,4774","3,3074","1,49K","-2,54%"
"23.09.2018","3,4774","3,3593","3,4881","3,3049","1,21K","3,51%"
"22.09.2018","3,3593","3,4116","3,5848","3,3258","2,55K","-1,53%"
"21.09.2018","3,4116","3,1353","3,6328","3,1353","4,36K","8,81%"
"20.09.2018","3,1353","3,3742","3,4490","3,1120","2,17K","-7,08%"
"19.09.2018","3,3742","3,4412","3,5047","3,2569","1,83K","-1,95%"
"18.09.2018","3,4412","3,5633","3,5647","3,4152","0,97K","-3,43%"
"17.09.2018","3,5633","3,5903","3,7993","3,4630","6,73K","-0,75%"
"16.09.2018","3,5903","3,6939","3,7502","3,5085","1,07K","-2,80%"
"15.09.2018","3,6939","3,6148","3,8156","3,5481","2,02K","2,19%"
"14.09.2018","3,6148","3,7033","3,7636","3,4538","2,16K","-2,39%"
"13.09.2018","3,7033","3,6510","3,7157","3,4326","3,19K","1,43%"
"12.09.2018","3,6510","3,5678","3,9878","3,1798","2,42K","2,33%"
"11.09.2018","3,5678","3,9541","4,0182","3,5629","1,54K","-9,77%"
"10.09.2018","3,9541","3,8215","4,0284","3,6722","0,95K","3,47%"
"09.09.2018","3,8215","3,3111","3,8380","3,3111","5,81K","15,42%"
"08.09.2018","3,3111","3,6380","3,7963","3,3111","2,34K","-8,99%"
"07.09.2018","3,6380","3,8084","3,9158","3,6294","2,06K","-4,47%"
"06.09.2018","3,8084","3,9189","3,9786","3,6732","3,56K","-2,82%"
"05.09.2018","3,9189","4,5336","4,5874","3,8622","2,54K","-13,56%"
"04.09.2018","4,5336","4,4180","4,6374","4,4179","0,82K","2,62%"
"03.09.2018","4,4180","4,5034","4,5265","4,4069","2,44K","-1,89%"
"02.09.2018","4,5034","4,7081","4,7081","4,4787","1,30K","-4,35%"
"01.09.2018","4,7081","4,5670","4,7506","4,5559","4,04K","3,09%"
"31.08.2018","4,5670","4,4941","4,6743","4,4941","2,12K","1,62%"
"30.08.2018","4,4941","4,9222","4,9622","4,4289","7,34K","-8,70%"
"29.08.2018","4,9222","5,1114","5,1197","4,5012","6,13K","-3,70%"
"28.08.2018","5,1114","4,8416","5,1797","4,8410","10,31K","5,57%"
"27.08.2018","4,8416","4,8441","5,1778","4,6765","2,82K","-0,05%"
"26.08.2018","4,8441","4,9585","5,0830","4,8021","2,45K","-2,31%"
"25.08.2018","4,9585","4,9314","5,2566","4,8790","9,21K","0,55%"
"24.08.2018","4,9314","4,6115","5,3601","4,4433","7,64K","6,94%"
"23.08.2018","4,6115","3,8777","4,6729","3,8670","4,05K","18,92%"
"22.08.2018","3,8777","4,0965","4,2424","3,8737","4,70K","-5,34%"
"21.08.2018","4,0965","3,8320","4,1674","3,7162","3,71K","6,90%"
"20.08.2018","3,8320","3,7888","4,0943","3,6737","2,77K","1,14%"
"19.08.2018","3,7888","3,6735","4,0262","3,4450","5,63K","3,14%"
"18.08.2018","3,6735","4,0807","4,2451","3,4836","5,82K","-9,98%"
"17.08.2018","4,0807","3,5226","4,2073","3,5226","4,90K","15,84%"
"16.08.2018","3,5226","3,2247","3,6345","3,1836","2,75K","9,24%"
"15.08.2018","3,2247","2,8397","3,6098","2,8313","3,69K","13,56%"
"14.08.2018","2,8397","3,0000","3,0000","2,7510","2,77K","-5,34%"
"13.08.2018","3,0000","3,4790","3,4817","3,0000","5,22K","-13,77%"
"12.08.2018","3,4790","3,4229","3,6559","3,3843","2,54K","1,64%"
"11.08.2018","3,4229","3,6434","3,6458","3,3899","2,87K","-6,05%"
"10.08.2018","3,6434","3,6342","3,7366","3,4959","5,90K","0,25%"
"09.08.2018","3,6342","3,5844","3,7188","3,4653","3,21K","1,39%"
"08.08.2018","3,5844","3,8847","3,8847","3,3651","4,32K","-7,73%"
"07.08.2018","3,8847","3,8411","3,9987","3,8411","5,48K","1,13%"
"06.08.2018","3,8411","3,7734","4,2037","3,7734","2,35K","1,79%"
"05.08.2018","3,7734","3,8066","3,8442","3,7481","2,00K","-0,87%"
"04.08.2018","3,8066","4,1541","4,1541","3,6280","2,52K","-8,37%"
"03.08.2018","4,1541","4,2474","4,2759","4,0082","2,82K","-2,20%"
"02.08.2018","4,2474","4,4539","4,5214","4,2365","2,93K","-4,63%"
"01.08.2018","4,4539","4,5303","4,5540","4,4339","2,31K","-1,69%"
"31.07.2018","4,5303","4,9478","4,9732","4,5238","1,74K","-8,44%"
"30.07.2018","4,9478","4,9902","5,0800","4,8300","4,01K","-0,85%"
"29.07.2018","4,9902","4,7843","5,0456","4,7843","4,35K","4,30%"
"28.07.2018","4,7843","4,7748","4,8214","4,7665","0,84K","0,20%"
"27.07.2018","4,7748","4,7659","4,8838","4,6671","2,44K","0,19%"
"26.07.2018","4,7659","4,9256","5,0714","4,7617","2,58K","-3,24%"
"25.07.2018","4,9256","4,9277","5,1156","4,8770","3,76K","-0,04%"
"24.07.2018","4,9277","4,6870","4,9784","4,6480","4,97K","5,14%"
"23.07.2018","4,6870","5,0140","5,1543","4,6868","8,03K","-6,52%"
"22.07.2018","5,0140","4,9052","5,2162","4,9041","1,22K","2,22%"
"21.07.2018","4,9052","4,9309","5,3176","4,8075","1,92K","-0,52%"
"20.07.2018","4,9309","5,3508","5,3680","4,9156","3,19K","-7,85%"
"19.07.2018","5,3508","5,9241","5,9296","5,3088","1,33K","-9,68%"
"18.07.2018","5,9241","5,6494","6,1280","5,6397","4,95K","4,86%"
"17.07.2018","5,6494","5,5310","5,7551","5,0610","4,60K","2,14%"
"16.07.2018","5,5310","4,9836","5,5310","4,7123","3,55K","10,98%"
"15.07.2018","4,9836","4,9893","4,9995","4,9709","0,25K","-0,11%"
"14.07.2018","4,9893","5,1419","5,1696","4,8037","4,88K","-2,97%"
"13.07.2018","5,1419","5,0491","5,1525","4,5998","2,22K","1,84%"
"12.07.2018","5,0491","5,1390","5,3340","4,9809","3,00K","-1,75%"
"11.07.2018","5,1390","5,1811","5,2976","5,0128","1,54K","-0,81%"
"10.07.2018","5,1811","5,3262","5,3389","5,1181","2,31K","-2,72%"
"09.07.2018","5,3262","5,5646","5,6027","5,3262","3,26K","-4,28%"
"08.07.2018","5,5646","5,4941","5,6790","5,4941","5,05K","1,28%"
"07.07.2018","5,4941","5,6068","5,6298","5,3800","1,61K","-2,01%"
"06.07.2018","5,6068","5,5550","5,7388","5,3895","3,62K","0,93%"
"05.07.2018","5,5550","5,9801","6,0025","5,5480","3,24K","-7,11%"
"04.07.2018","5,9801","5,6967","6,1226","5,6103","5,87K","4,98%"
"03.07.2018","5,6967","5,8393","6,1252","5,6955","3,30K","-2,44%"
"02.07.2018","5,8393","5,3593","5,9420","5,2938","6,33K","8,93%"
"01.07.2018","5,3605","5,5064","5,5567","5,3582","0,66K","-1,30%"
"30.06.2018","5,4312","5,1238","5,5420","5,1090","4,00K","5,38%"
"29.06.2018","5,1541","5,0653","5,3142","4,7924","2,44K","1,73%"
"28.06.2018","5,0663","5,5335","5,5534","5,0544","3,21K","-8,45%"
"27.06.2018","5,5339","5,4622","5,6090","5,2939","3,74K","0,94%"
"26.06.2018","5,4823","5,7110","5,7110","5,3331","6,97K","-2,69%"
"25.06.2018","5,6338","5,5986","5,7279","5,3638","3,44K","0,63%"
"24.06.2018","5,5986","5,8386","5,8555","5,3024","5,12K","-4,10%"
"23.06.2018","5,8377","5,5083","5,8536","5,4623","2,39K","5,99%"
"22.06.2018","5,5076","6,2943","6,3552","5,3288","7,16K","-13,37%"
"21.06.2018","6,3578","6,9534","7,0811","6,2047","1,69K","-8,56%"
"20.06.2018","6,9534","6,5733","7,1333","6,4025","2,29K","5,79%"
"19.06.2018","6,5731","6,9193","6,9941","6,4785","6,94K","-4,27%"
"18.06.2018","6,8662","6,4736","6,9654","6,3880","3,06K","4,91%"
"17.06.2018","6,5451","7,0562","7,2098","6,5436","1,01K","-7,27%"
"16.06.2018","7,0580","6,9970","7,2038","6,7578","2,87K","0,87%"
"15.06.2018","6,9970","7,7473","7,7907","6,9970","2,42K","-10,27%"
"14.06.2018","7,7977","6,9451","7,8380","6,7987","8,18K","12,28%"
"13.06.2018","6,9451","7,6032","7,6891","6,3000","2,55K","-8,66%"
"12.06.2018","7,6032","7,9264","7,9544","7,4898","3,28K","-4,08%"
"11.06.2018","7,9264","7,5717","8,2857","7,5158","3,06K","4,70%"
"10.06.2018","7,5707","8,4517","8,4517","7,4222","5,10K","-10,23%"
"09.06.2018","8,4337","8,5606","8,6673","8,3648","1,07K","-1,47%"
"08.06.2018","8,5593","8,9140","8,9511","8,1448","2,69K","-4,08%"
"07.06.2018","8,9230","8,8441","9,0173","8,7799","2,79K","0,89%"
"06.06.2018","8,8440","9,1974","9,3348","8,7457","3,24K","-2,50%"
"05.06.2018","9,0710","9,2223","9,3951","8,8595","6,07K","-1,64%"
"04.06.2018","9,2221","10,3266","10,5316","8,9475","11,98K","-10,70%"
"03.06.2018","10,3266","9,8348","11,1624","9,4466","17,21K","5,00%"
"02.06.2018","9,8348","8,9329","9,8350","8,8852","6,57K","10,18%"
"01.06.2018","8,9261","8,8270","9,1875","8,6350","7,77K","1,20%"
"31.05.2018","8,8199","8,7395","9,2109","8,7357","2,38K","0,92%"
"30.05.2018","8,7395","9,0968","9,2121","8,4542","3,85K","-3,91%"
"29.05.2018","9,0955","8,3441","9,1958","8,2407","4,25K","9,00%"
"28.05.2018","8,3443","9,0424","9,2519","8,3443","3,73K","-7,72%"
"27.05.2018","9,0422","9,3485","9,3556","8,8259","0,72K","-3,28%"
"26.05.2018","9,3489","9,3960","9,8843","9,2024","3,94K","-0,50%"
"25.05.2018","9,3957","9,6380","9,8765","9,3775","4,12K","-2,52%"
"24.05.2018","9,6385","9,2829","10,0064","8,9557","1,76K","3,83%"
"23.05.2018","9,2834","10,3374","10,3374","8,9515","5,65K","-10,62%"
"22.05.2018","10,3858","11,0354","11,0551","10,3372","1,67K","-5,89%"
"21.05.2018","11,0354","11,2847","11,7542","10,8308","5,67K","-2,21%"
"20.05.2018","11,2847","10,9311","11,4356","10,8665","4,35K","3,24%"
"19.05.2018","10,9311","10,8717","11,2239","10,7462","8,51K","0,55%"
"18.05.2018","10,8717","10,5971","10,8998","10,2981","5,67K","2,59%"
"17.05.2018","10,5972","10,6875","11,4461","10,5678","3,87K","-0,35%"
"16.05.2018","10,6339","10,9347","10,9432","10,2389","4,03K","-2,77%"
"15.05.2018","10,9367","11,2570","11,6144","10,8608","5,85K","-3,18%"
"14.05.2018","11,2957","11,0736","11,6663","10,3599","9,10K","2,01%"
"13.05.2018","11,0736","10,4531","11,1922","10,3473","3,68K","4,84%"
"12.05.2018","10,5625","10,5013","11,5547","9,9543","5,24K","0,58%"
"11.05.2018","10,5013","11,4432","11,4432","9,8994","5,65K","-8,23%"
"10.05.2018","11,4432","12,1155","12,9098","11,1170","10,39K","-5,55%"
"09.05.2018","12,1155","12,3426","12,3426","11,4866","4,85K","-1,84%"
"08.05.2018","12,3430","13,0884","13,1067","12,1915","3,55K","-3,41%"
"07.05.2018","12,7793","13,0659","13,3340","11,9940","5,89K","-3,05%"
"06.05.2018","13,1813","13,7092","13,7092","12,4309","7,34K","-3,82%"
"05.05.2018","13,7041","14,0409","14,1081","13,4325","5,85K","-2,40%"
"04.05.2018","14,0409","14,1438","14,7090","13,1669","10,54K","-0,73%"
"03.05.2018","14,1438","14,7462","14,9702","13,7422","14,11K","-4,09%"
"02.05.2018","14,7462","13,6687","15,0589","13,3636","17,00K","7,88%"
"01.05.2018","13,6687","12,6434","13,8939","11,9989","7,19K","8,11%"
"30.04.2018","12,6434","13,2325","13,3131","12,2457","7,99K","-4,45%"
"29.04.2018","13,2325","12,4486","13,2325","12,0424","6,64K","6,30%"
"28.04.2018","12,4486","11,4724","12,5096","11,4134","9,40K","8,51%"
"27.04.2018","11,4725","11,6400","12,1884","11,2521","9,54K","-1,44%"
"26.04.2018","11,6400","11,0977","11,6400","10,8269","10,02K","4,89%"
"25.04.2018","11,0977","13,3502","13,3502","10,6667","11,65K","-16,87%"
"24.04.2018","13,3502","12,4875","13,5366","12,4514","11,12K","7,22%"
"23.04.2018","12,4512","11,5470","12,8694","11,5470","6,47K","7,97%"
"22.04.2018","11,5315","11,5817","11,9711","11,2712","3,05K","-0,43%"
"21.04.2018","11,5817","12,4414","12,4414","10,7197","6,86K","-6,91%"
"20.04.2018","12,4414","11,8163","12,7197","11,3880","7,57K","5,29%"
"19.04.2018","11,8163","11,4474","11,9273","11,1551","4,34K","3,22%"
"18.04.2018","11,4474","10,6354","11,4474","10,3477","5,50K","7,64%"
"17.04.2018","10,6352","10,6346","11,2596","10,2968","7,17K","0,00%"
"16.04.2018","10,6346","10,4815","10,8767","9,9978","5,93K","1,46%"
"15.04.2018","10,4815","9,9587","10,9120","9,8608","6,79K","5,25%"
"14.04.2018","9,9587","9,6125","10,5204","9,3857","5,15K","3,60%"
"13.04.2018","9,6125","9,8692","10,7651","9,6125","11,53K","-2,60%"
"12.04.2018","9,8692","8,9899","9,9037","8,7040","9,06K","9,78%"
"11.04.2018","8,9899","8,7433","9,0386","8,6717","9,68K","2,10%"
"10.04.2018","8,8050","8,9123","8,9961","8,6509","11,49K","-0,81%"
"09.04.2018","8,8766","9,3424","10,2145","8,8035","11,21K","-4,99%"
"08.04.2018","9,3424","8,8442","9,9479","8,6906","11,27K","5,63%"
"07.04.2018","8,8442","8,5023","9,1341","8,2864","11,67K","4,02%"
"06.04.2018","8,5023","8,7871","8,9935","8,0299","7,96K","-3,24%"
"05.04.2018","8,7871","8,7641","9,0553","7,7423","8,76K","0,26%"
"04.04.2018","8,7641","10,4408","10,8567","8,2158","6,28K","-16,06%"
"03.04.2018","10,4408","8,0892","10,6813","7,9646","8,14K","29,07%"
"02.04.2018","8,0892","7,5238","8,0893","7,2941","10,65K","7,51%"
"01.04.2018","7,5238","8,2130","8,2130","7,1502","11,51K","-8,39%"
"31.03.2018","8,2130","7,7658","8,6827","7,7658","10,28K","5,76%"
"30.03.2018","7,7658","8,6462","8,6856","7,3311","11,22K","-10,18%"
"29.03.2018","8,6462","9,9702","9,9893","8,3754","15,11K","-13,28%"
"28.03.2018","9,9702","10,4086","10,5985","9,8856","11,26K","-4,21%"
"27.03.2018","10,4086","11,1625","11,1896","10,3089","3,95K","-6,75%"
"26.03.2018","11,1625","12,7742","12,8183","10,6537","1,19K","-12,62%"
"25.03.2018","12,7742","12,2107","12,8032","11,9996","2,50K","4,61%"
"24.03.2018","12,2107","12,2344","12,9610","12,0655","7,27K","-0,19%"
"23.03.2018","12,2344","12,7308","12,7749","11,7011","3,91K","-3,90%"
"22.03.2018","12,7308","13,7830","13,7983","12,6433","4,05K","-7,63%"
"21.03.2018","13,7830","13,8679","14,3190","13,3447","6,56K","-0,61%"
"20.03.2018","13,8679","12,6083","14,2544","12,4964","10,39K","9,99%"
"19.03.2018","12,6083","12,1760","13,3956","12,1438","7,50K","1,96%"
"18.03.2018","12,3659","12,2739","12,4402","10,3907","6,49K","0,75%"
"17.03.2018","12,2739","13,7011","13,7011","11,9892","12,75K","-10,42%"
"16.03.2018","13,7011","13,9103","14,4557","12,5064","11,57K","-1,50%"
"15.03.2018","13,9103","12,1690","13,9103","11,2444","11,58K","14,31%"
"14.03.2018","12,1690","14,5411","14,5411","11,7895","13,19K","-16,31%"
"13.03.2018","14,5411","14,2498","14,8667","13,9948","12,90K","2,04%"
"12.03.2018","14,2498","14,7105","15,6842","14,2159","10,79K","-3,13%"
"11.03.2018","14,7105","14,9880","15,3458","14,1886","10,14K","-1,85%"
"10.03.2018","14,9880","15,6126","16,5331","14,7480","9,58K","-4,00%"
"09.03.2018","15,6126","15,5165","16,4597","14,4635","7,76K","0,62%"
"08.03.2018","15,5165","15,8116","17,7881","15,5160","2,55K","-1,87%"
"07.03.2018","15,8116","16,7831","17,6319","15,0091","10,15K","-5,79%"
"06.03.2018","16,7831","18,3694","18,3694","16,1739","15,87K","-8,64%"
"05.03.2018","18,3694","18,3120","18,7154","18,0868","10,22K","0,31%"
"04.03.2018","18,3120","18,5433","19,1242","18,0268","8,91K","-1,10%"
"03.03.2018","18,5164","19,3384","19,4420","18,1784","13,07K","-4,25%"
"02.03.2018","19,3384","19,9278","21,1160","18,6344","7,88K","-2,96%"
"01.03.2018","19,9278","19,1204","21,8647","18,5579","8,37K","4,22%"
"28.02.2018","19,1203","20,2446","20,5739","18,5040","9,87K","-5,55%"
"27.02.2018","20,2446","21,5413","21,5413","19,5642","9,94K","-6,02%"
"26.02.2018","21,5413","19,9429","21,6011","19,7674","2,73K","8,01%"
"25.02.2018","19,9429","21,4341","21,5528","19,9349","8,76K","-6,96%"
"24.02.2018","21,4341","22,6421","23,4023","20,7445","5,73K","-5,34%"
"23.02.2018","22,6421","21,7136","24,1708","20,8522","7,80K","4,28%"
"22.02.2018","21,7136","22,7874","24,5590","20,7161","11,26K","-4,71%"
"21.02.2018","22,7874","26,0843","26,5955","21,9024","10,70K","-12,64%"
"20.02.2018","26,0833","29,4144","31,7608","25,6380","12,63K","-11,32%"
"19.02.2018","29,4144","29,0277","31,6895","28,9150","8,32K","1,33%"
"18.02.2018","29,0277","32,6287","32,9159","27,9515","4,22K","-11,04%"
"17.02.2018","32,6287","31,1213","35,6049","30,4513","4,32K","4,84%"
"16.02.2018","31,1213","31,2273","32,3014","30,8019","2,36K","-0,34%"
"15.02.2018","31,2273","28,3725","32,1169","28,1246","6,86K","10,06%"
"14.02.2018","28,3725","26,2056","28,4878","26,0341","12,21K","8,27%"
"13.02.2018","26,2056","27,8540","28,0282","26,0885","7,46K","-5,92%"
"12.02.2018","27,8540","26,3000","28,9845","26,0576","3,88K","5,91%"
"11.02.2018","26,3000","26,3986","27,3352","23,9285","6,55K","-0,37%"
"10.02.2018","26,3986","27,4745","30,4748","25,1351","6,93K","-3,92%"
"09.02.2018","27,4745","24,3391","27,7721","24,0536","6,40K","12,88%"
"08.02.2018","24,3391","19,1104","24,3426","18,7110","4,66K","27,36%"
"07.02.2018","19,1104","18,2825","22,0642","16,6004","3,73K","4,53%"
"06.02.2018","18,2825","16,0742","19,1093","12,3052","4,86K","13,74%"
"05.02.2018","16,0742","20,4254","22,3034","12,7917","5,25K","-21,30%"
"04.02.2018","20,4254","23,9708","24,1004","19,8471","2,84K","-14,79%"
"03.02.2018","23,9708","22,5368","25,2049","20,5939","2,25K","6,36%"
"02.02.2018","22,5368","22,0451","24,0941","16,5442","4,62K","1,48%"
"01.02.2018","22,2078","27,4868","27,9030","22,1893","3,53K","-19,21%"
"31.01.2018","27,4868","24,2500","32,2300","22,4610","6,15K","13,23%"
"30.01.2018","24,2748","23,3341","24,4611","21,6500","7,70K","4,03%"
"29.01.2018","23,3341","23,8346","23,8346","21,1000","6,95K","-2,10%"
"28.01.2018","23,8346","23,4200","24,4692","22,2511","7,22K","1,77%"
"27.01.2018","23,4200","21,6259","24,4700","21,4000","1,09K","8,30%"
"26.01.2018","21,6259","23,5338","24,8654","20,0100","15,15K","-7,90%"
"25.01.2018","23,4807","24,0000","24,2506","22,7121","4,61K","-2,16%"
"24.01.2018","24,0000","23,4336","27,5000","22,5915","6,05K","2,42%"
"23.01.2018","23,4336","23,0000","27,6000","21,6481","5,67K","1,89%"
"22.01.2018","23,0000","24,0561","25,0000","22,3053","5,84K","-4,39%"
"21.01.2018","24,0561","27,5000","28,4169","20,0000","11,05K","-12,52%"
"20.01.2018","27,5000","26,2199","30,0000","25,9053","4,12K","6,47%"
"19.01.2018","25,8286","25,2500","26,2300","24,0000","7,28K","2,29%"