Index,Fecha,Ultimo,Apertura,Maximo,Minimo,Var,Year,Month,Day
0,22.11.2021,14.9708,15.2559,15.3184,14.5335,"-1,91%",2021,11,22
1,21.11.2021,15.2623,15.2064,16.0835,14.9879,"0,38%",2021,11,21
2,20.11.2021,15.2045,14.8106,15.476,14.4485,"2,66%",2021,11,20
3,19.11.2021,14.811,13.682,15.1143,13.2715,"8,23%",2021,11,19
4,18.11.2021,13.6846,15.132,15.5017,13.4254,"-9,62%",2021,11,18
5,17.11.2021,15.142,15.1262,15.4854,14.4416,"0,10%",2021,11,17
6,16.11.2021,15.1262,16.5439,16.5682,14.3015,"-8,57%",2021,11,16
7,15.11.2021,16.5439,17.3117,17.6426,16.5275,"-4,38%",2021,11,15
8,14.11.2021,17.3012,16.5939,18.0245,16.3585,"4,26%",2021,11,14
9,13.11.2021,16.5937,16.1402,16.8025,16.077,"2,60%",2021,11,13
10,12.11.2021,16.1737,16.3097,16.4634,15.3736,"-0,84%",2021,11,12
11,11.11.2021,16.3104,16.2573,16.5481,15.9094,"0,34%",2021,11,11
12,10.11.2021,16.2549,17.8184,17.9794,15.2864,"-8,72%",2021,11,10
13,09.11.2021,17.8085,17.046,18.3238,16.6853,"4,47%",2021,11,9
14,08.11.2021,17.0469,16.4675,17.3845,15.9922,"3,53%",2021,11,8
15,07.11.2021,16.4657,16.866,16.873,16.2557,"-2,36%",2021,11,7
16,06.11.2021,16.8636,15.8451,17.8399,15.719,"6,43%",2021,11,6
17,05.11.2021,15.8446,15.8552,16.2595,15.4578,"-0,06%",2021,11,5
18,04.11.2021,15.8549,16.2727,16.6228,15.3615,"-2,56%",2021,11,4
19,03.11.2021,16.2708,17.0029,17.014,15.2897,"-4,34%",2021,11,3
20,02.11.2021,17.0088,16.8229,18.0805,16.6403,"1,14%",2021,11,2
21,01.11.2021,16.8174,15.8009,19.1615,14.3883,"6,46%",2021,11,1
22,31.10.2021,15.7972,13.0847,16.381,12.9273,"20,88%",2021,10,31
23,30.10.2021,13.0685,13.2988,13.3984,12.6817,"-1,60%",2021,10,30
24,29.10.2021,13.2808,13.0307,13.4472,12.7608,"1,83%",2021,10,29
25,28.10.2021,13.0421,11.6625,13.5969,11.6591,"11,78%",2021,10,28
26,27.10.2021,11.6672,13.0798,13.2003,10.8654,"-10,76%",2021,10,27
27,26.10.2021,13.0741,13.2432,13.6585,12.9521,"-1,25%",2021,10,26
28,25.10.2021,13.24,13.0204,13.3844,12.914,"1,72%",2021,10,25
29,24.10.2021,13.0168,13.2436,13.4097,12.6572,"-1,67%",2021,10,24
30,23.10.2021,13.238,12.8304,13.428,12.6138,"3,16%",2021,10,23
31,22.10.2021,12.8329,13.1736,13.3809,12.5782,"-2,52%",2021,10,22
32,21.10.2021,13.1647,13.11,14.1622,12.9818,"0,49%",2021,10,21
33,20.10.2021,13.101,12.4219,13.1269,12.1657,"5,48%",2021,10,20
34,19.10.2021,12.4203,12.3406,12.6382,12.1637,"0,65%",2021,10,19
35,18.10.2021,12.3401,12.4567,12.5811,12.1042,"-0,94%",2021,10,18
36,17.10.2021,12.4571,12.8382,12.9308,11.8882,"-2,97%",2021,10,17
37,16.10.2021,12.8383,12.5977,13.0718,12.5422,"1,90%",2021,10,16
38,15.10.2021,12.5987,13.2361,13.3568,12.4802,"-4,78%",2021,10,15
39,14.10.2021,13.2309,13.3619,13.5778,13.0958,"-0,95%",2021,10,14
40,13.10.2021,13.3575,13.2774,13.4359,12.6523,"0,52%",2021,10,13
41,12.10.2021,13.2886,13.0681,13.2886,12.2876,"1,64%",2021,10,12
42,11.10.2021,13.0736,13.0718,13.546,12.7961,"0,02%",2021,10,11
43,10.10.2021,13.0707,14.902,14.9499,13.0575,"-11,97%",2021,10,10
44,09.10.2021,14.8475,12.6166,14.9474,12.5182,"17,87%",2021,10,9
45,08.10.2021,12.5963,12.9036,13.0867,12.5471,"-2,38%",2021,10,8
46,07.10.2021,12.9031,13.2438,13.3703,12.6771,"-2,56%",2021,10,7
47,06.10.2021,13.2417,13.2481,13.944,12.0827,"-0,05%",2021,10,6
48,05.10.2021,13.2487,13.6792,13.7819,12.7916,"-3,12%",2021,10,5
49,04.10.2021,13.6751,13.9638,14.4572,12.9418,"-2,09%",2021,10,4
50,03.10.2021,13.9671,13.7894,14.6352,12.9481,"1,39%",2021,10,3
51,02.10.2021,13.7756,11.6095,13.9026,11.4338,"18,90%",2021,10,2
52,01.10.2021,11.586,10.4059,11.9973,10.3958,"11,30%",2021,10,1
53,30.09.2021,10.4096,9.0535,10.4923,9.0,"14,88%",2021,9,30
54,29.09.2021,9.0612,8.6554,9.3593,8.5441,"4,71%",2021,9,29
55,28.09.2021,8.6533,9.2534,9.3966,8.6299,"-6,49%",2021,9,28
56,27.09.2021,9.2537,9.5222,9.9791,9.2477,"-2,83%",2021,9,27
57,26.09.2021,9.523,9.7104,9.7283,8.7807,"-1,90%",2021,9,26
58,25.09.2021,9.7069,9.9354,10.055,9.4492,"-2,34%",2021,9,25
59,24.09.2021,9.9397,10.9669,10.9826,9.2389,"-9,36%",2021,9,24
60,23.09.2021,10.9662,10.7758,10.9662,10.3127,"1,60%",2021,9,23
61,22.09.2021,10.7939,9.3152,10.8496,9.0304,"16,02%",2021,9,22
62,21.09.2021,9.3034,10.384,10.69,9.1316,"-10,30%",2021,9,21
63,20.09.2021,10.3719,12.1681,12.1734,9.9343,"-14,73%",2021,9,20
64,19.09.2021,12.163,12.5486,12.5886,11.998,"-3,08%",2021,9,19
65,18.09.2021,12.5501,12.4987,12.8151,12.2769,"0,44%",2021,9,18
66,17.09.2021,12.4948,12.6783,13.0649,12.2758,"-1,53%",2021,9,17
67,16.09.2021,12.6888,13.0292,13.1832,12.4923,"-2,55%",2021,9,16
68,15.09.2021,13.0211,12.8502,13.0851,12.4555,"1,43%",2021,9,15
69,14.09.2021,12.8374,12.4797,12.8389,12.3181,"2,80%",2021,9,14
70,13.09.2021,12.4873,13.4059,13.7741,11.7842,"-6,90%",2021,9,13
71,12.09.2021,13.4127,12.8048,13.7964,12.3883,"4,78%",2021,9,12
72,11.09.2021,12.8009,12.7743,13.3079,12.5851,"0,39%",2021,9,11
73,10.09.2021,12.7509,13.3303,14.3735,12.1832,"-4,26%",2021,9,10
74,09.09.2021,13.3188,12.4284,14.2131,12.3962,"7,30%",2021,9,9
75,08.09.2021,12.4129,12.4736,12.8823,10.9178,"-0,42%",2021,9,8
76,07.09.2021,12.4647,15.6122,16.2637,10.4441,"-20,14%",2021,9,7
77,06.09.2021,15.6083,16.122,16.9738,15.2581,"-3,19%",2021,9,6
78,05.09.2021,16.1223,14.133,16.5791,13.9214,"14,07%",2021,9,5
79,04.09.2021,14.1332,13.5833,14.5271,13.4148,"4,12%",2021,9,4
80,03.09.2021,13.5744,13.2509,13.9829,12.8566,"2,41%",2021,9,3
81,02.09.2021,13.2554,13.2388,13.7583,12.9675,"0,12%",2021,9,2
82,01.09.2021,13.239,12.4194,13.2629,12.0682,"6,60%",2021,9,1
83,31.08.2021,12.4187,12.221,12.7676,11.9219,"1,57%",2021,8,31
84,30.08.2021,12.2266,12.934,12.9422,12.0831,"-5,44%",2021,8,30
85,29.08.2021,12.93,12.5903,13.7106,12.5369,"2,69%",2021,8,29
86,28.08.2021,12.5917,12.8555,13.0665,12.3085,"-2,14%",2021,8,28
87,27.08.2021,12.8671,11.8182,12.8991,11.2962,"8,86%",2021,8,27
88,26.08.2021,11.8197,12.9526,13.205,11.6246,"-8,77%",2021,8,26
89,25.08.2021,12.9564,12.6775,13.0548,12.0344,"2,22%",2021,8,25
90,24.08.2021,12.6755,13.8224,14.2565,12.3822,"-8,49%",2021,8,24
91,23.08.2021,13.8515,13.556,14.1924,13.3656,"2,17%",2021,8,23
92,22.08.2021,13.5574,13.7081,13.8767,12.9842,"-0,93%",2021,8,22
93,21.08.2021,13.6851,14.1554,14.2726,13.4394,"-3,33%",2021,8,21
94,20.08.2021,14.1562,13.3111,14.1568,13.1733,"6,36%",2021,8,20
95,19.08.2021,13.31,12.9249,13.356,12.0934,"2,86%",2021,8,19
96,18.08.2021,12.94,12.4381,13.6229,12.4179,"3,99%",2021,8,18
97,17.08.2021,12.4429,13.2618,14.1133,12.2672,"-6,21%",2021,8,17
98,16.08.2021,13.2667,13.7947,14.9065,13.0153,"-3,83%",2021,8,16
99,15.08.2021,13.7945,14.1252,14.1351,12.9239,"-2,31%",2021,8,15
100,14.08.2021,14.1204,13.9854,15.1819,13.6848,"1,06%",2021,8,14
101,13.08.2021,13.9721,10.3246,13.9878,10.1443,"35,20%",2021,8,13
102,12.08.2021,10.3347,10.7914,11.4557,9.8451,"-4,27%",2021,8,12
103,11.08.2021,10.796,10.6674,11.4876,10.5357,"1,11%",2021,8,11
104,10.08.2021,10.6773,10.7779,10.8143,10.2604,"-0,97%",2021,8,10
105,09.08.2021,10.7816,10.2434,11.1274,10.2319,"5,21%",2021,8,9
106,08.08.2021,10.2478,10.8558,11.5748,10.0032,"-5,59%",2021,8,8
107,07.08.2021,10.854,8.7308,11.4625,8.5489,"24,37%",2021,8,7
108,06.08.2021,8.7271,8.1343,8.945,7.956,"7,27%",2021,8,6
109,05.08.2021,8.1354,7.9911,8.2424,7.5701,"1,81%",2021,8,5
110,04.08.2021,7.9911,7.7725,8.0512,7.4504,"2,82%",2021,8,4
111,03.08.2021,7.7719,7.9874,8.0766,7.4125,"-2,74%",2021,8,3
112,02.08.2021,7.9908,7.3392,8.2432,7.1735,"8,83%",2021,8,2
113,01.08.2021,7.3424,7.9558,8.0316,7.2616,"-7,77%",2021,8,1
114,31.07.2021,7.9608,7.2212,8.4562,7.0699,"10,29%",2021,7,31
115,30.07.2021,7.2181,6.7676,7.3329,6.4297,"6,67%",2021,7,30
116,29.07.2021,6.7666,6.6337,6.8124,6.4332,"2,02%",2021,7,29
117,28.07.2021,6.6326,6.5117,6.7038,6.3749,"1,77%",2021,7,28
118,27.07.2021,6.5172,6.3055,6.5949,6.0344,"3,28%",2021,7,27
119,26.07.2021,6.3103,6.2078,7.0504,6.1718,"1,67%",2021,7,26
120,25.07.2021,6.2064,6.0431,6.2125,5.856,"-0,56%",2021,7,25
121,24.07.2021,6.2414,5.8692,6.2461,5.8166,"6,34%",2021,7,24
122,23.07.2021,5.8692,5.5991,5.888,5.4523,"4,77%",2021,7,23
123,22.07.2021,5.6019,5.3838,5.6724,5.2795,"4,14%",2021,7,22
124,21.07.2021,5.3794,4.9824,5.5412,4.8312,"7,98%",2021,7,21
125,20.07.2021,4.9818,5.3133,5.4318,4.8252,"-6,21%",2021,7,20
126,19.07.2021,5.3118,5.6682,5.7245,5.2541,"-6,36%",2021,7,19
127,18.07.2021,5.6724,5.5605,5.8518,5.543,"1,96%",2021,7,18
128,17.07.2021,5.5633,5.5326,5.6937,5.4183,"0,61%",2021,7,17
129,16.07.2021,5.5295,5.9257,6.0616,5.5135,"-6,69%",2021,7,16
130,15.07.2021,5.9259,6.1979,6.3261,5.7997,"-4,39%",2021,7,15
131,14.07.2021,6.1982,6.2096,6.3282,5.8174,"-0,16%",2021,7,14
132,13.07.2021,6.2083,6.5602,6.5915,6.1532,"-5,33%",2021,7,13
133,12.07.2021,6.5579,6.6959,6.9016,6.419,"-2,07%",2021,7,12
134,11.07.2021,6.6965,6.6378,6.7991,6.4459,"0,85%",2021,7,11
135,10.07.2021,6.6397,6.7774,6.8974,6.4555,"-2,01%",2021,7,10
136,09.07.2021,6.7762,6.5014,6.9557,6.105,"4,23%",2021,7,9
137,08.07.2021,6.5014,7.0815,7.1005,6.4169,"-8,19%",2021,7,8
138,07.07.2021,7.0816,7.1648,7.3524,7.0326,"-1,16%",2021,7,7
139,06.07.2021,7.1648,6.9507,7.3743,6.9462,"3,02%",2021,7,6
140,05.07.2021,6.9545,7.3968,7.3983,6.8993,"-6,05%",2021,7,5
141,04.07.2021,7.4022,7.2602,7.6975,7.2455,"1,96%",2021,7,4
142,03.07.2021,7.2602,7.0723,7.4403,6.9387,"2,67%",2021,7,3
143,02.07.2021,7.0714,7.0842,7.2628,6.6511,"-0,24%",2021,7,2
144,01.07.2021,7.0887,7.6727,7.6762,6.8345,"-7,60%",2021,7,1
145,30.06.2021,7.6718,7.5554,7.9434,6.8152,"1,82%",2021,6,30
146,29.06.2021,7.5344,6.3167,7.673,6.3081,"19,29%",2021,6,29
147,28.06.2021,6.3158,6.1479,6.4365,5.9941,"2,73%",2021,6,28
148,27.06.2021,6.1478,5.8218,6.2534,5.7013,"5,61%",2021,6,27
149,26.06.2021,5.8212,5.5291,5.8619,5.2528,"5,27%",2021,6,26
150,25.06.2021,5.5296,6.1744,6.5063,5.4197,"-10,43%",2021,6,25
151,24.06.2021,6.1733,5.8964,6.2473,5.5291,"4,77%",2021,6,24
152,23.06.2021,5.8922,4.9893,6.071,4.7735,"18,18%",2021,6,23
153,22.06.2021,4.9858,5.4797,5.8841,4.4456,"-9,06%",2021,6,22
154,21.06.2021,5.4824,7.5494,7.5973,5.4034,"-27,41%",2021,6,21
155,20.06.2021,7.5523,7.6857,7.6902,6.9096,"-1,76%",2021,6,20
156,19.06.2021,7.6875,8.0246,8.0931,7.6586,"-4,16%",2021,6,19
157,18.06.2021,8.0208,8.6349,8.6357,7.7697,"-7,08%",2021,6,18
158,17.06.2021,8.6321,8.6903,9.0438,8.4555,"-0,69%",2021,6,17
159,16.06.2021,8.6924,9.2604,9.2604,8.6159,"-6,14%",2021,6,16
160,15.06.2021,9.2607,9.4285,9.5977,9.0744,"-1,73%",2021,6,15
161,14.06.2021,9.4241,9.251,9.4886,8.8645,"1,85%",2021,6,14
162,13.06.2021,9.2529,8.5763,9.2786,8.3314,"7,90%",2021,6,13
163,12.06.2021,8.575,9.0598,9.0642,8.2536,"-5,38%",2021,6,12
164,11.06.2021,9.0623,9.7114,9.8227,8.9169,"-6,75%",2021,6,11
165,10.06.2021,9.7186,9.9299,10.6527,9.3977,"-2,12%",2021,6,10
166,09.06.2021,9.9289,9.3802,9.9477,8.777,"5,83%",2021,6,9
167,08.06.2021,9.3822,9.6893,9.8922,8.3912,"-3,18%",2021,6,8
168,07.06.2021,9.6908,11.0591,11.2622,9.562,"-12,42%",2021,6,7
169,06.06.2021,11.0645,10.9233,11.1864,10.7136,"1,30%",2021,6,6
170,05.06.2021,10.9229,11.2854,11.7447,10.5527,"-3,25%",2021,6,5
171,04.06.2021,11.29,12.4099,12.5885,10.8064,"-8,94%",2021,6,4
172,03.06.2021,12.3979,12.0895,12.7572,11.8803,"2,50%",2021,6,3
173,02.06.2021,12.095,11.8528,12.3841,11.3864,"2,09%",2021,6,2
174,01.06.2021,11.847,12.4148,12.6027,11.3263,"-4,80%",2021,6,1
175,31.05.2021,12.4444,11.407,12.4444,10.7887,"9,09%",2021,5,31
176,30.05.2021,11.4076,11.2498,11.8822,10.2644,"1,45%",2021,5,30
177,29.05.2021,11.2441,12.1245,12.8825,10.5039,"-7,22%",2021,5,29
178,28.05.2021,12.1189,14.4633,14.4633,11.3145,"-16,16%",2021,5,28
179,27.05.2021,14.4547,12.6036,14.9163,12.2121,"14,72%",2021,5,27
180,26.05.2021,12.6001,11.5943,12.8153,11.2975,"8,53%",2021,5,26
181,25.05.2021,11.6101,11.2602,12.8606,10.6576,"3,06%",2021,5,25
182,24.05.2021,11.2652,8.1269,11.3834,7.6515,"38,58%",2021,5,24
183,23.05.2021,8.1292,9.6935,10.7437,6.4031,"-16,03%",2021,5,23
184,22.05.2021,9.6807,11.1029,11.1393,9.2083,"-12,82%",2021,5,22
185,21.05.2021,11.104,13.5955,14.0448,9.6694,"-18,78%",2021,5,21
186,20.05.2021,13.6722,10.9056,13.712,9.7073,"25,34%",2021,5,20
187,19.05.2021,10.9079,18.0672,18.1436,7.6338,"-39,72%",2021,5,19
188,18.05.2021,18.096,17.389,18.6581,16.8924,"4,02%",2021,5,18
189,17.05.2021,17.3969,19.3067,19.3279,16.2438,"-9,89%",2021,5,17
190,16.05.2021,19.3065,19.8975,21.8228,18.2134,"-2,99%",2021,5,16
191,15.05.2021,19.9015,21.9497,22.1889,19.6044,"-9,33%",2021,5,15
192,14.05.2021,21.9487,20.7472,22.7243,20.0193,"5,83%",2021,5,14
193,13.05.2021,20.739,19.9657,21.7345,18.4602,"5,20%",2021,5,13
194,12.05.2021,19.7143,26.5182,26.7906,19.4383,"-25,63%",2021,5,12
195,11.05.2021,26.5093,23.5109,26.6343,21.8367,"12,82%",2021,5,11
196,10.05.2021,23.4965,27.2657,28.2445,21.7917,"-13,75%",2021,5,10
197,09.05.2021,27.2439,25.5814,30.4469,24.8557,"6,56%",2021,5,9
198,08.05.2021,25.5659,26.6592,26.9262,23.4192,"-3,85%",2021,5,8
199,07.05.2021,26.5885,24.7067,35.0077,23.1584,"7,62%",2021,5,7
200,06.05.2021,24.7048,17.7799,26.0974,17.2833,"38,93%",2021,5,6
201,05.05.2021,17.7827,14.1473,17.7989,14.1473,"26,07%",2021,5,5
202,04.05.2021,14.1054,15.7467,15.7591,13.9168,"-10,42%",2021,5,4
203,03.05.2021,15.7462,15.2253,16.2252,15.1764,"3,42%",2021,5,3
204,02.05.2021,15.2256,15.1397,16.1386,14.7076,"0,59%",2021,5,2
205,01.05.2021,15.1369,15.0195,15.2154,14.3926,"0,72%",2021,5,1
206,30.04.2021,15.0279,14.2053,15.1759,13.9148,"5,84%",2021,4,30
207,29.04.2021,14.1987,14.3586,14.6848,13.6481,"-1,12%",2021,4,29
208,28.04.2021,14.3588,14.9252,15.5394,13.3675,"-3,82%",2021,4,28
209,27.04.2021,14.9287,14.0174,15.2278,13.8365,"6,51%",2021,4,27
210,26.04.2021,14.0161,11.9328,14.0203,11.741,"17,45%",2021,4,26
211,25.04.2021,11.9336,11.6672,13.1236,11.1189,"2,35%",2021,4,25
212,24.04.2021,11.6593,13.0585,13.1282,11.5011,"-10,69%",2021,4,24
213,23.04.2021,13.0544,13.3843,13.6591,10.0131,"-2,52%",2021,4,23
214,22.04.2021,13.3917,15.7915,16.3254,13.314,"-15,18%",2021,4,22
215,21.04.2021,15.7885,17.4855,17.4982,15.6793,"-9,65%",2021,4,21
216,20.04.2021,17.4746,18.2809,18.6189,16.3102,"-4,76%",2021,4,20
217,19.04.2021,18.3473,18.3059,20.9945,17.5075,"0,28%",2021,4,19
218,18.04.2021,18.2953,17.2543,18.544,12.0391,"5,97%",2021,4,18
219,17.04.2021,17.2647,18.3532,19.4233,17.0293,"-5,91%",2021,4,17
220,16.04.2021,18.3487,17.6021,19.0958,15.6623,"4,28%",2021,4,16
221,15.04.2021,17.5957,15.9047,17.9874,15.1133,"10,77%",2021,4,15
222,14.04.2021,15.8851,15.0634,16.8783,14.7123,"5,46%",2021,4,14
223,13.04.2021,15.0629,14.5301,15.5219,14.1987,"3,70%",2021,4,13
224,12.04.2021,14.5254,14.9493,16.2321,14.3857,"-2,84%",2021,4,12
225,11.04.2021,14.9501,15.8763,15.9238,14.5776,"-5,73%",2021,4,11
226,10.04.2021,15.8586,15.743,16.502,14.9238,"0,72%",2021,4,10
227,09.04.2021,15.745,16.8551,16.8551,15.0964,"-6,71%",2021,4,9
228,08.04.2021,16.8783,15.6251,16.902,14.3625,"7,96%",2021,4,8
229,07.04.2021,15.6331,15.2439,17.9626,13.6513,"2,57%",2021,4,7
230,06.04.2021,15.2411,11.8312,15.3141,11.7768,"28,80%",2021,4,6
231,05.04.2021,11.8328,10.7737,12.1423,10.6827,"9,87%",2021,4,5
232,04.04.2021,10.7696,9.7416,10.9878,9.6087,"10,53%",2021,4,4
233,03.04.2021,9.7432,10.181,11.425,9.7296,"-4,34%",2021,4,3
234,02.04.2021,10.1852,10.0261,10.4746,9.7834,"1,59%",2021,4,2
235,01.04.2021,10.0262,9.38,10.9258,9.38,"6,88%",2021,4,1
236,31.03.2021,9.3809,8.7597,9.6128,8.1255,"7,09%",2021,3,31
237,30.03.2021,8.76,8.7626,9.1834,8.6461,"-0,04%",2021,3,30
238,29.03.2021,8.7635,8.2068,8.8482,7.9518,"6,79%",2021,3,29
239,28.03.2021,8.2062,8.5541,8.5717,7.9213,"-4,02%",2021,3,28
240,27.03.2021,8.5502,8.6344,9.1783,8.1995,"-0,95%",2021,3,27
241,26.03.2021,8.6326,8.2159,9.5091,8.1815,"5,09%",2021,3,26
242,25.03.2021,8.2142,7.2331,8.761,6.7471,"13,58%",2021,3,25
243,24.03.2021,7.2318,7.0067,8.5505,6.7768,"3,11%",2021,3,24
244,23.03.2021,7.014,6.5413,7.0973,6.3319,"7,21%",2021,3,23
245,22.03.2021,6.5421,6.5945,7.0958,6.4347,"-0,76%",2021,3,22
246,21.03.2021,6.5922,6.6343,6.8023,6.3884,"-0,57%",2021,3,21
247,20.03.2021,6.6302,7.0018,7.3494,6.6037,"-5,42%",2021,3,20
248,19.03.2021,7.0099,6.3685,7.5471,6.1791,"10,05%",2021,3,19
249,18.03.2021,6.3697,6.2068,6.6962,6.0829,"2,60%",2021,3,18
250,17.03.2021,6.2081,6.3733,6.432,5.8799,"-2,59%",2021,3,17
251,16.03.2021,6.3729,5.9473,6.4231,5.6452,"7,12%",2021,3,16
252,15.03.2021,5.9491,5.8329,6.1869,5.4866,"1,94%",2021,3,15
253,14.03.2021,5.836,6.1222,6.2818,5.7963,"-4,67%",2021,3,14
254,13.03.2021,6.122,5.8422,6.2069,5.5872,"4,77%",2021,3,13
255,12.03.2021,5.8435,6.137,6.1631,5.7122,"-4,67%",2021,3,12
256,11.03.2021,6.1296,6.231,6.2761,5.875,"-1,62%",2021,3,11
257,10.03.2021,6.2305,6.56,6.5679,6.0522,"-5,02%",2021,3,10
258,09.03.2021,6.56,6.3035,6.6165,6.1889,"4,06%",2021,3,9
259,08.03.2021,6.3043,6.3425,6.3994,6.0101,"-0,58%",2021,3,8
260,07.03.2021,6.3408,6.3267,6.5445,6.1129,"0,24%",2021,3,7
261,06.03.2021,6.3255,6.5752,6.6515,5.9183,"-3,76%",2021,3,6
262,05.03.2021,6.5729,5.6763,6.6137,5.2616,"15,81%",2021,3,5
263,04.03.2021,5.6758,5.3506,5.9044,5.2339,"5,96%",2021,3,4
264,03.03.2021,5.3565,5.1903,5.5252,5.1336,"3,21%",2021,3,3
265,02.03.2021,5.1899,5.2672,5.3806,4.959,"-1,48%",2021,3,2
266,01.03.2021,5.268,4.8489,5.2766,4.8262,"8,70%",2021,3,1
267,28.02.2021,4.8462,5.2664,5.3639,4.5318,"-7,93%",2021,2,28
268,27.02.2021,5.2635,5.1844,5.7381,5.1385,"1,51%",2021,2,27
269,26.02.2021,5.1851,5.129,5.3543,4.7097,"1,04%",2021,2,26
270,25.02.2021,5.1315,5.3079,5.7966,5.0785,"-3,33%",2021,2,25
271,24.02.2021,5.3083,5.1479,5.6102,4.8821,"3,12%",2021,2,24
272,23.02.2021,5.1478,6.3861,6.4249,4.282,"-19,34%",2021,2,23
273,22.02.2021,6.3822,7.1197,7.1424,5.4314,"-10,35%",2021,2,22
274,21.02.2021,7.119,6.696,7.2992,6.5408,"6,30%",2021,2,21
275,20.02.2021,6.6969,7.2582,7.3721,6.417,"-7,65%",2021,2,20
276,19.02.2021,7.252,7.1375,7.5027,6.7464,"1,66%",2021,2,19
277,18.02.2021,7.1335,6.6402,7.3017,6.6402,"7,41%",2021,2,18
278,17.02.2021,6.6412,6.4249,6.7651,5.9956,"3,48%",2021,2,17
279,16.02.2021,6.4178,6.4154,6.7695,6.1277,"0,04%",2021,2,16
280,15.02.2021,6.4154,6.998,7.1225,5.4997,"-8,30%",2021,2,15
281,14.02.2021,6.9959,7.7298,7.7582,6.8103,"-9,42%",2021,2,14
282,13.02.2021,7.7231,7.3433,7.7838,6.9839,"5,19%",2021,2,13
283,12.02.2021,7.3421,7.4171,8.2351,6.8677,"-1,00%",2021,2,12
284,11.02.2021,7.4159,7.5173,8.8052,7.1979,"-1,28%",2021,2,11
285,10.02.2021,7.512,5.0126,7.7283,4.9931,"49,95%",2021,2,10
286,09.02.2021,5.0095,4.7348,5.2418,4.5464,"5,81%",2021,2,9
287,08.02.2021,4.7344,4.2471,4.8071,4.0848,"11,47%",2021,2,8
288,07.02.2021,4.2473,4.4218,4.4421,3.9615,"-3,90%",2021,2,7
289,06.02.2021,4.4199,3.8543,4.5868,3.6495,"14,68%",2021,2,6
290,05.02.2021,3.8543,3.5055,3.9847,3.4841,"9,94%",2021,2,5
291,04.02.2021,3.5058,3.6909,3.7315,3.3608,"-5,10%",2021,2,4
292,03.02.2021,3.6941,3.5434,3.7642,3.4481,"4,24%",2021,2,3
293,02.02.2021,3.5437,3.4685,3.6088,3.3535,"2,19%",2021,2,2
294,01.02.2021,3.4676,3.2809,3.5153,3.1801,"5,70%",2021,2,1
295,31.01.2021,3.2807,3.2971,3.5362,3.1815,"-0,46%",2021,1,31
296,30.01.2021,3.2958,3.3059,3.3459,3.1466,"-0,34%",2021,1,30
297,29.01.2021,3.3071,3.2733,3.6611,3.2416,"1,03%",2021,1,29
298,28.01.2021,3.2733,3.1143,3.3879,3.032,"5,11%",2021,1,28
299,27.01.2021,3.1143,3.4341,3.4488,3.0095,"-9,31%",2021,1,27
300,26.01.2021,3.4341,3.2834,3.4659,3.2204,"4,60%",2021,1,26
301,25.01.2021,3.2832,3.5457,3.6681,3.2612,"-7,40%",2021,1,25
302,24.01.2021,3.5458,3.926,4.1779,3.4311,"-9,69%",2021,1,24
303,23.01.2021,3.9263,2.9217,3.9954,2.8875,"34,42%",2021,1,23
304,22.01.2021,2.921,2.737,3.0493,2.5727,"6,76%",2021,1,22
305,21.01.2021,2.7361,3.2382,3.2566,2.6775,"-15,45%",2021,1,21
306,20.01.2021,3.236,3.158,3.2819,2.973,"2,47%",2021,1,20
307,19.01.2021,3.1579,3.2987,3.4216,3.1377,"-4,24%",2021,1,19
308,18.01.2021,3.2977,3.1815,3.3711,3.0504,"3,65%",2021,1,18
309,17.01.2021,3.1814,3.0533,3.277,2.8598,"4,08%",2021,1,17
310,16.01.2021,3.0567,2.9448,3.2455,2.9034,"3,75%",2021,1,16
311,15.01.2021,2.9461,3.0187,3.2192,2.7325,"-2,40%",2021,1,15
312,14.01.2021,3.0185,2.9483,3.1163,2.8201,"2,40%",2021,1,14
313,13.01.2021,2.9476,2.7491,3.0082,2.6747,"7,26%",2021,1,13
314,12.01.2021,2.748,2.895,2.9636,2.6618,"-5,07%",2021,1,12
315,11.01.2021,2.8948,3.3923,3.4727,2.5549,"-14,64%",2021,1,11
316,10.01.2021,3.3912,3.2285,3.7095,2.8989,"5,06%",2021,1,10
317,09.01.2021,3.2278,2.8616,3.3126,2.7791,"12,80%",2021,1,9
318,08.01.2021,2.8616,2.8878,2.9775,2.6363,"-0,91%",2021,1,8
319,07.01.2021,2.8878,2.9807,3.1341,2.7751,"-3,12%",2021,1,7
320,06.01.2021,2.9807,2.6126,2.9958,2.5388,"14,14%",2021,1,6
321,05.01.2021,2.6114,2.5142,2.6495,2.3903,"3,84%",2021,1,5
322,04.01.2021,2.5148,2.4643,2.7,2.2537,"2,08%",2021,1,4
323,03.01.2021,2.4635,2.2486,2.4905,2.2009,"9,58%",2021,1,3
324,02.01.2021,2.2482,2.2679,2.2906,2.1903,"-0,84%",2021,1,2
325,01.01.2021,2.2673,2.2219,2.3635,2.2017,"2,14%",2021,1,1
326,31.12.2020,2.2197,2.2154,2.2567,2.1511,"0,21%",2020,12,31
327,30.12.2020,2.215,2.2719,2.2944,2.1769,"-2,49%",2020,12,30
328,29.12.2020,2.2715,2.3825,2.4376,2.1338,"-4,69%",2020,12,29
329,28.12.2020,2.3832,2.2754,2.4406,2.2595,"4,75%",2020,12,28
330,27.12.2020,2.275,2.2606,2.3995,2.1489,"0,59%",2020,12,27
331,26.12.2020,2.2618,2.2892,2.3077,2.1642,"-1,20%",2020,12,26
332,25.12.2020,2.2893,2.3098,2.39,2.2275,"-0,87%",2020,12,25
333,24.12.2020,2.3093,2.0964,2.3226,2.026,"10,14%",2020,12,24
334,23.12.2020,2.0966,2.5772,2.5906,1.8859,"-18,65%",2020,12,23
335,22.12.2020,2.5774,2.5958,2.6256,2.4278,"-0,81%",2020,12,22
336,21.12.2020,2.5984,2.8021,2.8649,2.5613,"-7,29%",2020,12,21
337,20.12.2020,2.8025,2.8119,2.9142,2.7208,"-0,33%",2020,12,20
338,19.12.2020,2.8117,2.7392,2.9382,2.7245,"2,64%",2020,12,19
339,18.12.2020,2.7394,2.6894,2.7856,2.6312,"1,86%",2020,12,18
340,17.12.2020,2.6894,2.7667,2.8412,2.6581,"-2,78%",2020,12,17
341,16.12.2020,2.7664,2.5851,2.7736,2.5222,"6,99%",2020,12,16
342,15.12.2020,2.5855,2.5181,2.6549,2.4564,"2,69%",2020,12,15
343,14.12.2020,2.5179,2.5568,2.5569,2.4632,"-1,51%",2020,12,14
344,13.12.2020,2.5566,2.4683,2.6115,2.454,"3,61%",2020,12,13
345,12.12.2020,2.4676,2.338,2.4805,2.335,"5,55%",2020,12,12
346,11.12.2020,2.3379,2.43,2.4403,2.3164,"-3,77%",2020,12,11
347,10.12.2020,2.4295,2.4896,2.5065,2.3613,"-2,48%",2020,12,10
348,09.12.2020,2.4913,2.4089,2.5068,2.2945,"3,37%",2020,12,9
349,08.12.2020,2.4101,2.612,2.6173,2.3778,"-7,74%",2020,12,8
350,07.12.2020,2.6123,2.6521,2.692,2.5659,"-1,55%",2020,12,7
351,06.12.2020,2.6534,2.7188,2.7524,2.5858,"-2,41%",2020,12,6
352,05.12.2020,2.7188,2.5932,2.7368,2.5615,"4,87%",2020,12,5
353,04.12.2020,2.5927,2.8765,2.902,2.5458,"-9,88%",2020,12,4
354,03.12.2020,2.8768,2.7877,2.9811,2.7846,"3,20%",2020,12,3
355,02.12.2020,2.7877,2.7163,2.8377,2.685,"2,66%",2020,12,2
356,01.12.2020,2.7154,2.9314,3.0201,2.6852,"-7,37%",2020,12,1
357,30.11.2020,2.9315,2.7338,3.0628,2.7336,"7,26%",2020,11,30
358,29.11.2020,2.733,2.6893,2.8393,2.5979,"1,64%",2020,11,29
359,28.11.2020,2.689,2.6005,2.753,2.522,"3,37%",2020,11,28
360,27.11.2020,2.6014,2.5233,2.6227,2.3867,"3,04%",2020,11,27
361,26.11.2020,2.5247,2.9257,3.0061,2.3034,"-13,70%",2020,11,26
362,25.11.2020,2.9256,3.0798,3.2777,2.8305,"-5,01%",2020,11,25
363,24.11.2020,3.0799,2.7933,3.1819,2.7322,"10,24%",2020,11,24
364,23.11.2020,2.7938,2.5592,2.8003,2.4947,"9,15%",2020,11,23
365,22.11.2020,2.5595,2.694,2.7384,2.3928,"-5,04%",2020,11,22
366,21.11.2020,2.6953,2.3619,2.71,2.3536,"14,20%",2020,11,21
367,20.11.2020,2.3602,2.2511,2.44,2.2511,"4,88%",2020,11,20
368,19.11.2020,2.2504,2.1489,2.3143,2.0825,"4,78%",2020,11,19
369,18.11.2020,2.1478,2.2033,2.2383,2.0771,"-2,50%",2020,11,18
370,17.11.2020,2.203,2.0719,2.2108,2.0719,"6,31%",2020,11,17
371,16.11.2020,2.0722,1.9754,2.0863,1.9631,"4,87%",2020,11,16
372,15.11.2020,1.976,2.0374,2.0748,1.9359,"-3,04%",2020,11,15
373,14.11.2020,2.038,2.0908,2.1012,2.0086,"-2,49%",2020,11,14
374,13.11.2020,2.0901,2.0285,2.0959,2.0117,"2,99%",2020,11,13
375,12.11.2020,2.0295,2.0537,2.1234,2.0052,"-1,18%",2020,11,12
376,11.11.2020,2.0537,2.0046,2.138,2.0029,"2,45%",2020,11,11
377,10.11.2020,2.0046,1.987,2.0319,1.9511,"0,87%",2020,11,10
378,09.11.2020,1.9872,2.0271,2.0456,1.9344,"-1,94%",2020,11,9
379,08.11.2020,2.0266,1.949,2.0517,1.9318,"3,96%",2020,11,8
380,07.11.2020,1.9493,2.0708,2.1848,1.927,"-5,85%",2020,11,7
381,06.11.2020,2.0705,1.9294,2.0801,1.924,"7,34%",2020,11,6
382,05.11.2020,1.9289,1.8298,1.9419,1.8128,"5,45%",2020,11,5
383,04.11.2020,1.8293,1.867,1.8696,1.7473,"-2,03%",2020,11,4
384,03.11.2020,1.8672,1.9226,1.9237,1.8026,"-2,91%",2020,11,3
385,02.11.2020,1.9231,2.0056,2.0526,1.9185,"-4,10%",2020,11,2
386,01.11.2020,2.0053,1.9608,2.0101,1.9419,"2,27%",2020,11,1
387,31.10.2020,1.9608,1.9438,1.9943,1.9328,"0,86%",2020,10,31
388,30.10.2020,1.9442,2.0322,2.058,1.8883,"-4,33%",2020,10,30
389,29.10.2020,2.0322,2.0789,2.1119,2.0096,"-2,25%",2020,10,29
390,28.10.2020,2.0789,2.1939,2.216,2.0507,"-5,24%",2020,10,28
391,27.10.2020,2.1939,2.1729,2.2144,2.1593,"1,00%",2020,10,27
392,26.10.2020,2.1721,2.2279,2.2629,2.1362,"-2,50%",2020,10,26
393,25.10.2020,2.2278,2.3104,2.3107,2.2075,"-3,57%",2020,10,25
394,24.10.2020,2.3104,2.2901,2.3315,2.2739,"0,90%",2020,10,24
395,23.10.2020,2.2898,2.3381,2.3384,2.2334,"-2,13%",2020,10,23
396,22.10.2020,2.3396,2.2851,2.392,2.2826,"2,38%",2020,10,22
397,21.10.2020,2.2851,2.1451,2.3138,2.1378,"6,53%",2020,10,21
398,20.10.2020,2.1451,2.2112,2.2141,2.1267,"-2,98%",2020,10,20
399,19.10.2020,2.2109,2.2141,2.2308,2.163,"-0,14%",2020,10,19
400,18.10.2020,2.2141,2.1788,2.2195,2.1763,"1,62%",2020,10,18
401,17.10.2020,2.1788,2.1658,2.2054,2.1446,"0,58%",2020,10,17
402,16.10.2020,2.1662,2.2304,2.2437,2.1077,"-2,88%",2020,10,16
403,15.10.2020,2.2304,2.2547,2.2547,2.18,"-1,08%",2020,10,15
404,14.10.2020,2.2547,2.3306,2.3665,2.2384,"-3,26%",2020,10,14
405,13.10.2020,2.3306,2.345,2.4089,2.2941,"-0,64%",2020,10,13
406,12.10.2020,2.3456,2.3545,2.4129,2.2911,"-0,38%",2020,10,12
407,11.10.2020,2.3546,2.3008,2.3901,2.2859,"2,35%",2020,10,11
408,10.10.2020,2.3006,2.3299,2.3914,2.2836,"-1,26%",2020,10,10
409,09.10.2020,2.3299,2.2491,2.349,2.2055,"3,60%",2020,10,9
410,08.10.2020,2.2489,2.1941,2.2813,2.1356,"2,42%",2020,10,8
411,07.10.2020,2.1958,2.1719,2.2073,2.0811,"1,10%",2020,10,7
412,06.10.2020,2.1719,2.2998,2.3287,2.159,"-5,54%",2020,10,6
413,05.10.2020,2.2992,2.306,2.3716,2.2472,"-0,32%",2020,10,5
414,04.10.2020,2.3067,2.2975,2.3285,2.2418,"0,40%",2020,10,4
415,03.10.2020,2.2975,2.288,2.3442,2.2695,"0,42%",2020,10,3
416,02.10.2020,2.288,2.3683,2.395,2.1869,"-3,39%",2020,10,2
417,01.10.2020,2.3683,2.4335,2.5254,2.3239,"-2,68%",2020,10,1
418,30.09.2020,2.4335,2.433,2.4715,2.3691,"0,02%",2020,9,30
419,29.09.2020,2.433,2.4202,2.4838,2.347,"0,29%",2020,9,29
420,28.09.2020,2.426,2.3701,2.5846,2.3701,"2,36%",2020,9,28
421,27.09.2020,2.3701,2.3972,2.4507,2.3078,"-1,03%",2020,9,27
422,26.09.2020,2.3948,2.3604,2.4176,2.3226,"1,47%",2020,9,26
423,25.09.2020,2.3601,2.3183,2.412,2.2298,"1,80%",2020,9,25
424,24.09.2020,2.3183,2.1735,2.3458,2.145,"6,80%",2020,9,24
425,23.09.2020,2.1707,2.3414,2.3688,2.1661,"-7,29%",2020,9,23
426,22.09.2020,2.3414,2.2628,2.3426,2.1778,"3,47%",2020,9,22
427,21.09.2020,2.2628,2.5205,2.6183,2.2128,"-10,22%",2020,9,21
428,20.09.2020,2.5205,2.631,2.6533,2.4442,"-4,20%",2020,9,20
429,19.09.2020,2.631,2.8037,2.8037,2.6067,"-6,16%",2020,9,19
430,18.09.2020,2.8037,2.566,2.925,2.5203,"9,28%",2020,9,18
431,17.09.2020,2.5656,2.4048,2.615,2.385,"6,43%",2020,9,17
432,16.09.2020,2.4106,2.4657,2.5863,2.2677,"-2,23%",2020,9,16
433,15.09.2020,2.4655,2.6378,2.6835,2.4291,"-6,49%",2020,9,15
434,14.09.2020,2.6367,2.6478,2.7379,2.5596,"-0,42%",2020,9,14
435,13.09.2020,2.6478,2.8539,2.8759,2.5458,"-7,23%",2020,9,13
436,12.09.2020,2.8542,2.8151,2.9364,2.7327,"1,39%",2020,9,12
437,11.09.2020,2.8151,2.6214,2.8222,2.5035,"7,39%",2020,9,11
438,10.09.2020,2.6214,2.4392,2.6497,2.4361,"7,48%",2020,9,10
439,09.09.2020,2.439,2.3574,2.5281,2.2826,"3,46%",2020,9,9
440,08.09.2020,2.3575,2.4104,2.5023,2.2578,"-2,21%",2020,9,8
441,07.09.2020,2.4108,2.4236,2.5252,2.2406,"-0,53%",2020,9,7
442,06.09.2020,2.4236,2.3416,2.4693,2.1923,"3,50%",2020,9,6
443,05.09.2020,2.3416,2.5804,2.6535,2.232,"-9,26%",2020,9,5
444,04.09.2020,2.5805,2.3936,2.6644,2.2641,"7,81%",2020,9,4
445,03.09.2020,2.3936,3.2387,3.2953,2.2114,"-26,09%",2020,9,3
446,02.09.2020,3.2387,3.5201,3.7747,3.0998,"-7,98%",2020,9,2
447,01.09.2020,3.5196,3.3575,3.5934,3.2987,"4,83%",2020,9,1
448,31.08.2020,3.3574,3.4504,3.5334,3.3435,"-2,70%",2020,8,31
449,30.08.2020,3.4505,3.4318,3.6683,3.3885,"0,54%",2020,8,30
450,29.08.2020,3.4318,3.3408,3.5204,3.2265,"2,73%",2020,8,29
451,28.08.2020,3.3408,3.3668,3.4678,3.2825,"-0,78%",2020,8,28
452,27.08.2020,3.3672,3.7817,3.8753,3.2113,"-10,96%",2020,8,27
453,26.08.2020,3.7816,3.4821,3.9949,3.4369,"8,60%",2020,8,26
454,25.08.2020,3.4821,3.8192,3.8643,3.3419,"-8,83%",2020,8,25
455,24.08.2020,3.8192,3.9747,4.1681,3.765,"-3,91%",2020,8,24
456,23.08.2020,3.9746,4.162,4.3084,3.8283,"-4,50%",2020,8,23
457,22.08.2020,4.1619,3.7661,4.3206,3.4378,"10,51%",2020,8,22
458,21.08.2020,3.7661,4.0791,5.3673,3.7532,"-7,66%",2020,8,21
459,20.08.2020,4.0784,3.2949,4.1517,3.2906,"23,78%",2020,8,20
460,19.08.2020,3.2949,3.2925,3.4923,3.0253,"0,07%",2020,8,19
461,18.08.2020,3.2924,3.418,3.5975,3.2119,"-3,64%",2020,8,18
462,17.08.2020,3.4169,3.3357,3.566,3.2725,"2,43%",2020,8,17
463,16.08.2020,3.3358,3.096,3.4363,2.9627,"7,74%",2020,8,16
464,15.08.2020,3.096,3.0984,3.2193,3.0271,"-0,08%",2020,8,15
465,14.08.2020,3.0984,2.8586,3.1658,2.7846,"8,39%",2020,8,14
466,13.08.2020,2.8586,2.7987,2.8751,2.6493,"2,14%",2020,8,13
467,12.08.2020,2.7986,2.7228,2.8138,2.592,"2,78%",2020,8,12
468,11.08.2020,2.7228,2.9293,2.9711,2.6053,"-7,06%",2020,8,11
469,10.08.2020,2.9296,2.7161,2.9942,2.6991,"7,86%",2020,8,10
470,09.08.2020,2.7161,2.7554,2.7815,2.6371,"-1,43%",2020,8,9
471,08.08.2020,2.7554,2.6417,2.7586,2.6106,"4,30%",2020,8,8
472,07.08.2020,2.6417,2.7603,2.7852,2.5489,"-4,30%",2020,8,7
473,06.08.2020,2.7604,2.7735,2.8267,2.6677,"-0,49%",2020,8,6
474,05.08.2020,2.774,2.8472,2.8852,2.7402,"-2,56%",2020,8,5
475,04.08.2020,2.847,2.6202,2.914,2.6198,"8,66%",2020,8,4
476,03.08.2020,2.6202,2.4029,2.6959,2.3747,"9,04%",2020,8,3
477,02.08.2020,2.4029,2.6514,2.7209,2.3445,"-9,37%",2020,8,2
478,01.08.2020,2.6514,2.4184,2.6609,2.3973,"9,63%",2020,8,1
479,31.07.2020,2.4184,2.3736,2.4352,2.3447,"1,89%",2020,7,31
480,30.07.2020,2.3736,2.351,2.4062,2.3187,"0,96%",2020,7,30
481,29.07.2020,2.351,2.3507,2.3524,2.3507,"-0,99%",2020,7,29
482,28.07.2020,2.3744,2.3219,2.3927,2.2562,"2,26%",2020,7,28
483,27.07.2020,2.322,2.3575,2.3679,2.2041,"-1,49%",2020,7,27
484,26.07.2020,2.3572,2.4088,2.4814,2.309,"-2,12%",2020,7,26
485,25.07.2020,2.4083,2.287,2.4309,2.2864,"5,31%",2020,7,25
486,24.07.2020,2.2869,2.3573,2.3573,2.2863,"-2,98%",2020,7,24
487,23.07.2020,2.3573,2.3763,2.3967,2.3315,"-0,80%",2020,7,23
488,22.07.2020,2.3763,2.3503,2.4039,2.2783,"1,09%",2020,7,22
489,21.07.2020,2.3506,2.2213,2.3587,2.1783,"5,81%",2020,7,21
490,20.07.2020,2.2216,2.3452,2.3452,2.2096,"-5,27%",2020,7,20
491,19.07.2020,2.3452,2.3653,2.3822,2.2957,"-0,85%",2020,7,19
492,18.07.2020,2.3653,2.392,2.4137,2.3072,"-1,12%",2020,7,18
493,17.07.2020,2.392,2.3203,2.4147,2.2693,"3,09%",2020,7,17
494,16.07.2020,2.3204,2.2924,2.3428,2.1142,"1,22%",2020,7,16
495,15.07.2020,2.2924,2.3459,2.4837,2.2757,"-2,28%",2020,7,15
496,14.07.2020,2.3459,2.2123,2.4119,2.1148,"6,03%",2020,7,14
497,13.07.2020,2.2125,2.0434,2.2745,2.0132,"8,27%",2020,7,13
498,12.07.2020,2.0434,2.0792,2.121,1.9642,"-1,72%",2020,7,12
499,11.07.2020,2.0792,2.0361,2.1211,1.9943,"2,11%",2020,7,11
500,10.07.2020,2.0362,2.1291,2.1371,1.9542,"-4,36%",2020,7,10
501,09.07.2020,2.1291,2.0186,2.192,1.925,"5,47%",2020,7,9
502,08.07.2020,2.0186,1.8064,2.1181,1.7683,"11,71%",2020,7,8
503,07.07.2020,1.807,1.8239,1.8432,1.7247,"-0,93%",2020,7,7
504,06.07.2020,1.8239,1.7604,1.8299,1.7265,"2,42%",2020,7,6
505,05.07.2020,1.7807,1.6952,1.7835,1.6279,"5,04%",2020,7,5
506,04.07.2020,1.6952,1.6438,1.7369,1.6302,"3,13%",2020,7,4
507,03.07.2020,1.6438,1.6219,1.7246,1.5331,"1,35%",2020,7,3
508,02.07.2020,1.6219,1.6565,1.7267,1.5847,"-2,09%",2020,7,2
509,01.07.2020,1.6565,1.6423,1.7035,1.6101,"0,87%",2020,7,1
510,30.06.2020,1.6423,1.6715,1.6826,1.6167,"-1,75%",2020,6,30
511,29.06.2020,1.6715,1.6155,1.698,1.5866,"3,26%",2020,6,29
512,28.06.2020,1.6188,1.5779,1.6578,1.5422,"2,59%",2020,6,28
513,27.06.2020,1.5779,1.6781,1.7174,1.5186,"-5,97%",2020,6,27
514,26.06.2020,1.678,1.7185,1.7396,1.6566,"-2,35%",2020,6,26
515,25.06.2020,1.7185,1.7353,1.7417,1.6614,"-1,00%",2020,6,25
516,24.06.2020,1.7358,1.7955,1.8391,1.6988,"-3,32%",2020,6,24
517,23.06.2020,1.7954,1.8381,1.8473,1.7736,"-2,32%",2020,6,23
518,22.06.2020,1.8381,1.7285,1.8399,1.723,"6,34%",2020,6,22
519,21.06.2020,1.7285,1.6798,1.7935,1.6537,"2,90%",2020,6,21
520,20.06.2020,1.6798,1.6753,1.6838,1.6312,"0,27%",2020,6,20
521,19.06.2020,1.6753,1.6812,1.6913,1.6396,"-0,35%",2020,6,19
522,18.06.2020,1.6812,1.7094,1.7186,1.6485,"-1,65%",2020,6,18
523,17.06.2020,1.7094,1.7353,1.7361,1.6618,"-1,49%",2020,6,17
524,16.06.2020,1.7353,1.6743,1.7413,1.6573,"3,64%",2020,6,16
525,15.06.2020,1.6743,1.7212,1.7215,1.5646,"-2,71%",2020,6,15
526,14.06.2020,1.7209,1.7789,1.7799,1.7051,"-3,26%",2020,6,14
527,13.06.2020,1.7789,1.7452,1.7811,1.7111,"1,92%",2020,6,13
528,12.06.2020,1.7454,1.6884,1.7856,1.6683,"3,25%",2020,6,12
529,11.06.2020,1.6905,1.8627,1.9431,1.6802,"-9,25%",2020,6,11
530,10.06.2020,1.8627,1.8048,1.875,1.8013,"3,21%",2020,6,10
531,09.06.2020,1.8048,1.8256,1.8365,1.7946,"-1,10%",2020,6,9
532,08.06.2020,1.8248,1.8068,1.8396,1.7977,"1,00%",2020,6,8
533,07.06.2020,1.8067,1.8478,1.8547,1.7465,"-2,22%",2020,6,7
534,06.06.2020,1.8477,1.7978,1.8536,1.7731,"2,78%",2020,6,6
535,05.06.2020,1.7978,1.8387,1.8527,1.7922,"-2,23%",2020,6,5
536,04.06.2020,1.8387,1.8298,1.8764,1.7747,"0,49%",2020,6,4
537,03.06.2020,1.8297,1.7967,1.8343,1.7553,"1,83%",2020,6,3
538,02.06.2020,1.7967,1.8909,1.9219,1.715,"-4,98%",2020,6,2
539,01.06.2020,1.8909,1.7499,1.9054,1.7375,"8,06%",2020,6,1
540,31.05.2020,1.7499,1.8017,1.8404,1.7268,"-2,87%",2020,5,31
541,30.05.2020,1.8017,1.6888,1.8096,1.6654,"6,68%",2020,5,30
542,29.05.2020,1.6888,1.6881,1.7165,1.6518,"0,04%",2020,5,29
543,28.05.2020,1.6881,1.6356,1.6974,1.6171,"3,22%",2020,5,28
544,27.05.2020,1.6355,1.6581,1.683,1.6108,"-1,37%",2020,5,27
545,26.05.2020,1.6581,1.6559,1.6732,1.578,"0,14%",2020,5,26
546,25.05.2020,1.6559,1.5627,1.6604,1.5537,"5,97%",2020,5,25
547,24.05.2020,1.5627,1.669,1.7341,1.5625,"-6,37%",2020,5,24
548,23.05.2020,1.6689,1.7596,1.7839,1.6616,"-5,16%",2020,5,23
549,22.05.2020,1.7596,1.4963,1.8149,1.4832,"17,61%",2020,5,22
550,21.05.2020,1.4961,1.5753,1.5901,1.4609,"-5,03%",2020,5,21
551,20.05.2020,1.5753,1.5818,1.6193,1.5485,"-0,41%",2020,5,20
552,19.05.2020,1.5817,1.5786,1.5843,1.5279,"0,20%",2020,5,19
553,18.05.2020,1.5787,1.5471,1.6063,1.5436,"2,02%",2020,5,18
554,17.05.2020,1.5474,1.5385,1.5811,1.5346,"0,55%",2020,5,17
555,16.05.2020,1.539,1.5049,1.5489,1.4909,"2,20%",2020,5,16
556,15.05.2020,1.5059,1.5369,1.5638,1.484,"-1,95%",2020,5,15
557,14.05.2020,1.5358,1.4872,1.5399,1.4592,"3,27%",2020,5,14
558,13.05.2020,1.4872,1.472,1.5031,1.4531,"1,04%",2020,5,13
559,12.05.2020,1.4719,1.4006,1.4759,1.3942,"4,21%",2020,5,12
560,11.05.2020,1.4124,1.446,1.4793,1.3597,"-2,34%",2020,5,11
561,10.05.2020,1.4462,1.5933,1.6032,1.3688,"-9,23%",2020,5,10
562,09.05.2020,1.5933,1.6518,1.7079,1.5866,"-3,54%",2020,5,9
563,08.05.2020,1.6518,1.5902,1.6921,1.5462,"3,97%",2020,5,8
564,07.05.2020,1.5887,1.5082,1.6216,1.493,"5,37%",2020,5,7
565,06.05.2020,1.5077,1.5483,1.5889,1.4974,"-2,62%",2020,5,6
566,05.05.2020,1.5482,1.5569,1.5876,1.5144,"-1,07%",2020,5,5
567,04.05.2020,1.5649,1.5858,1.6021,1.4688,"-1,33%",2020,5,4
568,03.05.2020,1.586,1.6444,1.6699,1.5503,"-3,55%",2020,5,3
569,02.05.2020,1.6444,1.5865,1.6561,1.5802,"3,65%",2020,5,2
570,01.05.2020,1.5865,1.5423,1.6468,1.5303,"2,86%",2020,5,1
571,30.04.2020,1.5423,1.6312,1.7123,1.5093,"-5,45%",2020,4,30
572,29.04.2020,1.6312,1.526,1.6483,1.5228,"6,89%",2020,4,29
573,28.04.2020,1.5261,1.5007,1.5369,1.4628,"1,69%",2020,4,28
574,27.04.2020,1.5007,1.5272,1.5472,1.4509,"-1,74%",2020,4,27
575,26.04.2020,1.5272,1.4822,1.5578,1.4721,"3,04%",2020,4,26
576,25.04.2020,1.4822,1.4291,1.529,1.4036,"3,72%",2020,4,25
577,24.04.2020,1.4291,1.3856,1.4608,1.3836,"3,13%",2020,4,24
578,23.04.2020,1.3858,1.3678,1.424,1.3377,"1,31%",2020,4,23
579,22.04.2020,1.3678,1.3163,1.3825,1.3061,"3,98%",2020,4,22
580,21.04.2020,1.3155,1.3138,1.3433,1.2962,"0,13%",2020,4,21
581,20.04.2020,1.3138,1.3929,1.4235,1.2985,"-5,77%",2020,4,20
582,19.04.2020,1.3943,1.4346,1.4406,1.3761,"-2,81%",2020,4,19
583,18.04.2020,1.4346,1.3822,1.4491,1.3783,"3,79%",2020,4,18
584,17.04.2020,1.3822,1.3981,1.4109,1.3687,"-1,16%",2020,4,17
585,16.04.2020,1.3984,1.2958,1.4288,1.2638,"7,91%",2020,4,16
586,15.04.2020,1.2959,1.3283,1.3604,1.2897,"-2,43%",2020,4,15
587,14.04.2020,1.3282,1.3408,1.3609,1.3179,"-0,94%",2020,4,14
588,13.04.2020,1.3408,1.3585,1.3597,1.2943,"-1,30%",2020,4,13
589,12.04.2020,1.3585,1.345,1.4226,1.322,"1,00%",2020,4,12
590,11.04.2020,1.345,1.3405,1.3882,1.3105,"0,33%",2020,4,11
591,10.04.2020,1.3406,1.4756,1.4983,1.2988,"-9,16%",2020,4,10
592,09.04.2020,1.4757,1.5035,1.5189,1.431,"-1,29%",2020,4,9
593,08.04.2020,1.4951,1.3723,1.5081,1.3626,"8,94%",2020,4,8
594,07.04.2020,1.3723,1.4098,1.4421,1.3539,"-2,66%",2020,4,7
595,06.04.2020,1.4098,1.2611,1.4101,1.2591,"11,80%",2020,4,6
596,05.04.2020,1.261,1.2871,1.2965,1.2445,"-2,03%",2020,4,5
597,04.04.2020,1.2872,1.2667,1.295,1.2462,"1,62%",2020,4,4
598,03.04.2020,1.2667,1.2701,1.2983,1.2425,"-0,23%",2020,4,3
599,02.04.2020,1.2696,1.2226,1.3077,1.2157,"3,85%",2020,4,2
600,01.04.2020,1.2226,1.2141,1.2278,1.172,"0,69%",2020,4,1
601,31.03.2020,1.2142,1.2015,1.2361,1.1861,"1,05%",2020,3,31
602,30.03.2020,1.2015,1.1496,1.2232,1.1463,"4,43%",2020,3,30
603,29.03.2020,1.1505,1.2106,1.222,1.1433,"-4,97%",2020,3,29
604,28.03.2020,1.2107,1.2034,1.2312,1.1541,"0,61%",2020,3,28
605,27.03.2020,1.2034,1.2753,1.2877,1.2033,"-5,70%",2020,3,27
606,26.03.2020,1.2761,1.2596,1.2814,1.2194,"1,31%",2020,3,26
607,25.03.2020,1.2597,1.2735,1.2741,1.2077,"-1,09%",2020,3,25
608,24.03.2020,1.2735,1.2331,1.2922,1.212,"3,27%",2020,3,24
609,23.03.2020,1.2331,1.1479,1.2554,1.1321,"7,41%",2020,3,23
610,22.03.2020,1.148,1.2399,1.2781,1.1355,"-7,41%",2020,3,22
611,21.03.2020,1.2399,1.2312,1.2877,1.1734,"0,71%",2020,3,21
612,20.03.2020,1.2312,1.2608,1.3696,1.1362,"-2,35%",2020,3,20
613,19.03.2020,1.2609,1.1088,1.3105,1.0952,"13,70%",2020,3,19
614,18.03.2020,1.109,1.1029,1.1221,1.0182,"0,49%",2020,3,18
615,17.03.2020,1.1035,1.0489,1.1558,1.0321,"5,22%",2020,3,17
616,16.03.2020,1.0488,1.211,1.2126,0.9171,"-13,39%",2020,3,16
617,15.03.2020,1.2109,1.1741,1.2667,1.1608,"3,13%",2020,3,15
618,14.03.2020,1.1742,1.2607,1.2634,1.156,"-6,22%",2020,3,14
619,13.03.2020,1.252,1.038,1.3351,0.7265,"19,83%",2020,3,13
620,12.03.2020,1.0448,1.9433,1.9562,1.0162,"-46,23%",2020,3,12
621,11.03.2020,1.9432,1.9499,1.9811,1.819,"-0,34%",2020,3,11
622,10.03.2020,1.9499,1.9433,1.9809,1.879,"0,33%",2020,3,10
623,09.03.2020,1.9435,1.9047,1.9755,1.8103,"1,87%",2020,3,9
624,08.03.2020,1.9078,2.2099,2.21,1.8939,"-13,62%",2020,3,8
625,07.03.2020,2.2086,2.314,2.3267,2.1937,"-4,56%",2020,3,7
626,06.03.2020,2.314,2.1949,2.3144,2.18,"5,43%",2020,3,6
627,05.03.2020,2.1949,2.1531,2.251,2.1474,"1,94%",2020,3,5
628,04.03.2020,2.1531,2.1465,2.177,2.09,"0,33%",2020,3,4
629,03.03.2020,2.1461,2.1806,2.1817,2.0947,"-1,58%",2020,3,3
630,02.03.2020,2.1806,2.032,2.2128,2.0153,"7,32%",2020,3,2
631,01.03.2020,2.032,2.0267,2.0991,1.9816,"0,27%",2020,3,1
632,29.02.2020,2.0266,2.0812,2.1349,2.0185,"-2,94%",2020,2,29
633,28.02.2020,2.088,2.1219,2.1854,1.9947,"-1,60%",2020,2,28
634,27.02.2020,2.1219,2.0973,2.239,1.9945,"1,18%",2020,2,27
635,26.02.2020,2.0972,2.3836,2.4169,2.0437,"-11,95%",2020,2,26
636,25.02.2020,2.3819,2.3588,2.6146,2.3129,"0,96%",2020,2,25
637,24.02.2020,2.3593,2.4906,2.503,2.2843,"-5,28%",2020,2,24
638,23.02.2020,2.4909,2.3907,2.5037,2.3887,"4,15%",2020,2,23
639,22.02.2020,2.3916,2.4159,2.432,2.347,"-1,01%",2020,2,22
640,21.02.2020,2.4159,2.3925,2.4706,2.3607,"1,07%",2020,2,21
641,20.02.2020,2.3903,2.4445,2.4795,2.2933,"-2,23%",2020,2,20
642,19.02.2020,2.4449,2.6347,2.7338,2.4341,"-7,20%",2020,2,19
643,18.02.2020,2.6347,2.5022,2.6609,2.3965,"5,27%",2020,2,18
644,17.02.2020,2.5028,2.4975,2.5411,2.2793,"0,16%",2020,2,17
645,16.02.2020,2.4987,2.689,2.8381,2.2272,"-7,06%",2020,2,16
646,15.02.2020,2.6884,3.0291,3.0653,2.5943,"-11,24%",2020,2,15
647,14.02.2020,3.029,2.8444,3.0497,2.7815,"6,49%",2020,2,14
648,13.02.2020,2.8443,2.8066,2.966,2.7454,"1,33%",2020,2,13
649,12.02.2020,2.8069,2.7008,2.8987,2.6949,"3,93%",2020,2,12
650,11.02.2020,2.7008,2.5995,2.7381,2.5143,"3,89%",2020,2,11
651,10.02.2020,2.5997,2.6958,2.7071,2.4843,"-3,56%",2020,2,10
652,09.02.2020,2.6956,2.5866,2.723,2.5749,"4,22%",2020,2,9
653,08.02.2020,2.5865,2.5749,2.6326,2.4307,"0,45%",2020,2,8
654,07.02.2020,2.5749,2.5423,2.6499,2.4954,"1,28%",2020,2,7
655,06.02.2020,2.5425,2.4324,2.571,2.3778,"4,30%",2020,2,6
656,05.02.2020,2.4377,2.3058,2.4666,2.2833,"5,72%",2020,2,5
657,04.02.2020,2.3058,2.2907,2.3335,2.2907,"0,65%",2020,2,4
658,03.02.2020,2.2909,2.2584,2.3718,2.2293,"1,43%",2020,2,3
659,02.02.2020,2.2585,2.1898,2.3868,2.1382,"3,09%",2020,2,2
660,01.02.2020,2.1908,2.1145,2.2162,2.1068,"3,61%",2020,2,1
661,31.01.2020,2.1145,2.1729,2.1881,2.0605,"-2,75%",2020,1,31
662,30.01.2020,2.1743,2.066,2.2013,2.0243,"5,24%",2020,1,30
663,29.01.2020,2.066,2.0523,2.1272,2.0231,"0,66%",2020,1,29
664,28.01.2020,2.0523,1.9982,2.072,1.9894,"2,71%",2020,1,28
665,27.01.2020,1.9982,1.9355,2.039,1.9288,"3,24%",2020,1,27
666,26.01.2020,1.9355,1.8637,1.9519,1.8519,"3,84%",2020,1,26
667,25.01.2020,1.8639,1.8902,1.9039,1.8425,"-1,39%",2020,1,25
668,24.01.2020,1.8902,1.8906,1.9248,1.8005,"-0,02%",2020,1,24
669,23.01.2020,1.8906,1.9928,1.9978,1.8368,"-5,13%",2020,1,23
670,22.01.2020,1.9928,1.9513,2.0351,1.9426,"2,13%",2020,1,22
671,21.01.2020,1.9512,1.9222,1.9767,1.8912,"1,51%",2020,1,21
672,20.01.2020,1.9222,1.9324,1.9483,1.8541,"-0,53%",2020,1,20
673,19.01.2020,1.9324,2.036,2.0919,1.8676,"-5,02%",2020,1,19
674,18.01.2020,2.0346,2.0928,2.1242,1.9663,"-2,78%",2020,1,18
675,17.01.2020,2.0928,1.9365,2.2111,1.8884,"8,07%",2020,1,17
676,16.01.2020,1.9365,1.9738,2.0132,1.8522,"-1,89%",2020,1,16
677,15.01.2020,1.9737,1.9203,2.1071,1.8768,"2,78%",2020,1,15
678,14.01.2020,1.9203,1.703,1.9557,1.696,"12,68%",2020,1,14
679,13.01.2020,1.7043,1.7526,1.7567,1.6732,"-2,76%",2020,1,13
680,12.01.2020,1.7526,1.7345,1.8019,1.7215,"1,35%",2020,1,12
681,11.01.2020,1.7293,1.7307,1.8085,1.7057,"-0,08%",2020,1,11
682,10.01.2020,1.7307,1.6371,1.7384,1.6093,"5,72%",2020,1,10
683,09.01.2020,1.6371,1.6811,1.687,1.6146,"-2,63%",2020,1,9
684,08.01.2020,1.6813,1.7326,1.765,1.6538,"-2,98%",2020,1,8
685,07.01.2020,1.7329,1.7389,1.7678,1.6616,"-0,34%",2020,1,7
686,06.01.2020,1.7388,1.6297,1.7412,1.6212,"6,70%",2020,1,6
687,05.01.2020,1.6297,1.6412,1.6716,1.6168,"-0,71%",2020,1,5
688,04.01.2020,1.6412,1.6318,1.6501,1.5962,"0,58%",2020,1,4
689,03.01.2020,1.6318,1.5382,1.6408,1.5102,"6,05%",2020,1,3
690,02.01.2020,1.5386,1.6036,1.6119,1.5287,"-4,07%",2020,1,2
691,01.01.2020,1.6039,1.6111,1.6317,1.5973,"-0,45%",2020,1,1
692,31.12.2019,1.6111,1.6399,1.6399,1.5882,"-1,77%",2019,12,31
693,30.12.2019,1.6402,1.6665,1.6785,1.6103,"-1,55%",2019,12,30
694,29.12.2019,1.6661,1.6276,1.7043,1.6118,"2,33%",2019,12,29
695,28.12.2019,1.6281,1.6011,1.6509,1.5991,"1,71%",2019,12,28
696,27.12.2019,1.6008,1.5899,1.6199,1.5603,"0,68%",2019,12,27
697,26.12.2019,1.5899,1.5897,1.6433,1.5596,"0,01%",2019,12,26
698,25.12.2019,1.5897,1.6075,1.6102,1.552,"-1,11%",2019,12,25
699,24.12.2019,1.6075,1.6139,1.6289,1.5889,"-0,40%",2019,12,24
700,23.12.2019,1.6139,1.6784,1.6966,1.6076,"-3,84%",2019,12,23
701,22.12.2019,1.6784,1.6179,1.6794,1.6095,"3,74%",2019,12,22
702,21.12.2019,1.6178,1.6592,1.6609,1.607,"-2,50%",2019,12,21
703,20.12.2019,1.6592,1.6622,1.679,1.6202,"-0,19%",2019,12,20
704,19.12.2019,1.6624,1.6778,1.6935,1.5972,"-0,96%",2019,12,19
705,18.12.2019,1.6785,1.5289,1.7114,1.4974,"9,77%",2019,12,18
706,17.12.2019,1.5291,1.656,1.6647,1.5039,"-7,68%",2019,12,17
707,16.12.2019,1.6563,1.7555,1.7633,1.6461,"-5,64%",2019,12,16
708,15.12.2019,1.7554,1.7566,1.7888,1.6987,"-0,07%",2019,12,15
709,14.12.2019,1.7566,1.8634,1.8784,1.7546,"-5,72%",2019,12,14
710,13.12.2019,1.863,1.8202,1.9524,1.7907,"2,36%",2019,12,13
711,12.12.2019,1.8202,1.7407,1.8345,1.7076,"4,58%",2019,12,12
712,11.12.2019,1.7404,1.7411,1.7506,1.7015,"-0,06%",2019,12,11
713,10.12.2019,1.7415,1.7328,1.7592,1.6812,"0,50%",2019,12,10
714,09.12.2019,1.7328,1.7457,1.7777,1.7189,"-0,75%",2019,12,9
715,08.12.2019,1.7459,1.743,1.7629,1.7129,"0,17%",2019,12,8
716,07.12.2019,1.743,1.7466,1.7705,1.7332,"-0,22%",2019,12,7
717,06.12.2019,1.7468,1.7301,1.7531,1.6999,"0,96%",2019,12,6
718,05.12.2019,1.7302,1.709,1.7436,1.6748,"1,24%",2019,12,5
719,04.12.2019,1.709,1.7575,1.7737,1.6706,"-2,76%",2019,12,4
720,03.12.2019,1.7575,1.7539,1.7791,1.73,"0,23%",2019,12,3
721,02.12.2019,1.7534,1.784,1.7945,1.7103,"-1,71%",2019,12,2
722,01.12.2019,1.784,1.793,1.823,1.7133,"-0,50%",2019,12,1
723,30.11.2019,1.793,1.8769,1.9,1.7666,"-4,44%",2019,11,30
724,29.11.2019,1.8764,1.8014,1.9117,1.795,"4,11%",2019,11,29
725,28.11.2019,1.8023,1.7113,1.883,1.7108,"5,31%",2019,11,28
726,27.11.2019,1.7113,1.6679,1.7436,1.5589,"2,60%",2019,11,27
727,26.11.2019,1.668,1.6138,1.6742,1.6129,"3,36%",2019,11,26
728,25.11.2019,1.6138,1.6063,1.6941,1.4661,"0,47%",2019,11,25
729,24.11.2019,1.6063,1.7391,1.7503,1.5886,"-7,64%",2019,11,24
730,23.11.2019,1.7393,1.6628,1.7558,1.6258,"4,60%",2019,11,23
731,22.11.2019,1.6628,1.786,1.806,1.5423,"-6,89%",2019,11,22
732,21.11.2019,1.7857,1.8952,1.9031,1.7027,"-5,78%",2019,11,21
733,20.11.2019,1.8952,1.9238,1.9711,1.8692,"-1,49%",2019,11,20
734,19.11.2019,1.9238,1.966,1.9701,1.8508,"-2,12%",2019,11,19
735,18.11.2019,1.9654,2.1258,2.1303,1.9224,"-7,55%",2019,11,18
736,17.11.2019,2.1258,2.1414,2.1709,2.0949,"-0,71%",2019,11,17
737,16.11.2019,2.1411,2.1724,2.1888,2.1297,"-1,44%",2019,11,16
738,15.11.2019,2.1725,2.311,2.3549,2.1149,"-5,96%",2019,11,15
739,14.11.2019,2.3102,2.2661,2.38,2.2157,"1,95%",2019,11,14
740,13.11.2019,2.2661,2.247,2.3071,2.1737,"0,85%",2019,11,13
741,12.11.2019,2.247,2.1122,2.2561,2.093,"6,38%",2019,11,12
742,11.11.2019,2.1122,2.1879,2.1923,2.074,"-3,46%",2019,11,11
743,10.11.2019,2.1879,2.1379,2.1998,2.1046,"2,34%",2019,11,10
744,09.11.2019,2.1379,2.1537,2.1674,2.1013,"-0,74%",2019,11,9
745,08.11.2019,2.1537,2.2045,2.2319,2.0743,"-2,30%",2019,11,8
746,07.11.2019,2.2045,2.2829,2.3077,2.1579,"-3,45%",2019,11,7
747,06.11.2019,2.2834,2.2563,2.3475,2.2329,"1,25%",2019,11,6
748,05.11.2019,2.2551,2.2666,2.2759,2.176,"-0,51%",2019,11,5
749,04.11.2019,2.2666,2.1333,2.2789,2.0647,"6,32%",2019,11,4
750,03.11.2019,2.132,2.1845,2.1882,2.084,"-2,37%",2019,11,3
751,02.11.2019,2.1836,2.1534,2.2369,2.1402,"1,40%",2019,11,2
752,01.11.2019,2.1535,2.1472,2.1761,2.0754,"0,36%",2019,11,1
753,31.10.2019,2.1459,2.1929,2.2281,2.0716,"-2,14%",2019,10,31
754,30.10.2019,2.1929,2.302,2.3535,2.0944,"-4,71%",2019,10,30
755,29.10.2019,2.3014,2.3088,2.3947,2.2344,"-0,34%",2019,10,29
756,28.10.2019,2.3093,2.3184,2.7615,2.2239,"-0,35%",2019,10,28
757,27.10.2019,2.3174,1.8294,2.4117,1.7885,"26,82%",2019,10,27
758,26.10.2019,1.8272,1.773,1.9055,1.744,"3,06%",2019,10,26
759,25.10.2019,1.773,1.5883,1.7965,1.5626,"11,61%",2019,10,25
760,24.10.2019,1.5885,1.5545,1.6181,1.5122,"2,18%",2019,10,24
761,23.10.2019,1.5547,1.6681,1.6737,1.499,"-6,80%",2019,10,23
762,22.10.2019,1.6682,1.7066,1.7172,1.6633,"-2,25%",2019,10,22
763,21.10.2019,1.7066,1.717,1.7317,1.6814,"-0,58%",2019,10,21
764,20.10.2019,1.7166,1.686,1.7339,1.6608,"1,81%",2019,10,20
765,19.10.2019,1.6861,1.6971,1.7036,1.6611,"-0,68%",2019,10,19
766,18.10.2019,1.6977,1.7386,1.7527,1.6477,"-2,36%",2019,10,18
767,17.10.2019,1.7387,1.6764,1.767,1.6507,"3,72%",2019,10,17
768,16.10.2019,1.6764,1.7418,1.7596,1.6101,"-3,76%",2019,10,16
769,15.10.2019,1.7418,1.8233,1.8379,1.7291,"-4,47%",2019,10,15
770,14.10.2019,1.8233,1.7924,1.8274,1.7715,"1,71%",2019,10,14
771,13.10.2019,1.7926,1.7769,1.8183,1.7668,"0,88%",2019,10,13
772,12.10.2019,1.7769,1.7841,1.8193,1.7675,"-0,40%",2019,10,12
773,11.10.2019,1.7841,1.7987,1.8397,1.7532,"-0,81%",2019,10,11
774,10.10.2019,1.7987,1.8629,1.8671,1.7744,"-3,46%",2019,10,10
775,09.10.2019,1.8631,1.8044,1.8845,1.7906,"3,27%",2019,10,9
776,08.10.2019,1.8042,1.7921,1.8468,1.7619,"0,67%",2019,10,8
777,07.10.2019,1.7921,1.696,1.8148,1.6759,"5,67%",2019,10,7
778,06.10.2019,1.6959,1.7167,1.7277,1.6695,"-1,21%",2019,10,6
779,05.10.2019,1.7167,1.6945,1.7281,1.6705,"1,28%",2019,10,5
780,04.10.2019,1.695,1.6811,1.7342,1.6437,"0,83%",2019,10,4
781,03.10.2019,1.6811,1.7061,1.7157,1.6415,"-1,47%",2019,10,3
782,02.10.2019,1.7061,1.6867,1.7079,1.6452,"1,15%",2019,10,2
783,01.10.2019,1.6867,1.7067,1.7566,1.674,"-1,16%",2019,10,1
784,30.09.2019,1.7066,1.6322,1.7203,1.5664,"4,51%",2019,9,30
785,29.09.2019,1.633,1.6585,1.662,1.5629,"-1,54%",2019,9,29
786,28.09.2019,1.6585,1.6241,1.6828,1.5997,"2,11%",2019,9,28
787,27.09.2019,1.6242,1.6013,1.6484,1.543,"1,45%",2019,9,27
788,26.09.2019,1.601,1.6417,1.6796,1.5057,"-2,48%",2019,9,26
789,25.09.2019,1.6418,1.5718,1.8365,1.5567,"4,45%",2019,9,25
790,24.09.2019,1.5718,1.9687,2.0038,1.57,"-20,16%",2019,9,24
791,23.09.2019,1.9687,2.0962,2.1058,1.9616,"-6,08%",2019,9,23
792,22.09.2019,2.0962,2.1435,2.1503,2.0562,"-2,17%",2019,9,22
793,21.09.2019,2.1427,2.199,2.205,2.1306,"-2,56%",2019,9,21
794,20.09.2019,2.1989,2.2094,2.2185,2.1494,"-0,46%",2019,9,20
795,19.09.2019,2.2092,2.2675,2.2675,2.0764,"-2,53%",2019,9,19
796,18.09.2019,2.2665,2.107,2.3107,2.1007,"7,62%",2019,9,18
797,17.09.2019,2.1061,2.0448,2.1594,2.0137,"2,94%",2019,9,17
798,16.09.2019,2.046,2.0635,2.1076,1.9866,"-0,80%",2019,9,16
799,15.09.2019,2.0624,2.0545,2.0962,2.0305,"0,38%",2019,9,15
800,14.09.2019,2.0546,2.0101,2.0777,1.9912,"2,21%",2019,9,14
801,13.09.2019,2.0101,2.0041,2.0414,1.9903,"0,30%",2019,9,13
802,12.09.2019,2.0041,1.992,2.0174,1.9603,"0,55%",2019,9,12
803,11.09.2019,1.9931,2.0242,2.0508,1.9615,"-1,54%",2019,9,11
804,10.09.2019,2.0242,2.0811,2.1273,2.0071,"-2,72%",2019,9,10
805,09.09.2019,2.0808,2.1281,2.1281,1.994,"-2,22%",2019,9,9
806,08.09.2019,2.1281,2.0245,2.1468,2.0184,"5,12%",2019,9,8
807,07.09.2019,2.0245,1.9485,2.041,1.8832,"4,03%",2019,9,7
808,06.09.2019,1.946,2.0182,2.0699,1.9341,"-3,58%",2019,9,6
809,05.09.2019,2.0182,2.0857,2.0918,1.9887,"-3,24%",2019,9,5
810,04.09.2019,2.0857,2.1513,2.1578,2.0723,"-3,05%",2019,9,4
811,03.09.2019,2.1514,2.146,2.1995,2.1048,"0,25%",2019,9,3
812,02.09.2019,2.146,2.0974,2.157,2.0509,"2,32%",2019,9,2
813,01.09.2019,2.0974,2.0941,2.119,2.0619,"0,13%",2019,9,1
814,31.08.2019,2.0946,2.1264,2.1397,2.0519,"-1,49%",2019,8,31
815,30.08.2019,2.1263,2.106,2.1856,2.0647,"0,99%",2019,8,30
816,29.08.2019,2.1054,2.2267,2.2267,2.0526,"-5,45%",2019,8,29
817,28.08.2019,2.2267,2.4762,2.479,2.1855,"-10,07%",2019,8,28
818,27.08.2019,2.476,2.5338,2.5385,2.4308,"-2,28%",2019,8,27
819,26.08.2019,2.5338,2.536,2.6094,2.5126,"-0,09%",2019,8,26
820,25.08.2019,2.536,2.5414,2.6024,2.4868,"-0,21%",2019,8,25
821,24.08.2019,2.5414,2.6022,2.6486,2.4832,"-2,39%",2019,8,24
822,23.08.2019,2.6036,2.537,2.636,2.5026,"2,63%",2019,8,23
823,22.08.2019,2.537,2.4885,2.6074,2.3892,"1,95%",2019,8,22
824,21.08.2019,2.4883,2.6121,2.6178,2.4063,"-4,70%",2019,8,21
825,20.08.2019,2.6111,2.6925,2.7485,2.5185,"-3,05%",2019,8,20
826,19.08.2019,2.6933,2.5532,2.7475,2.5311,"5,49%",2019,8,19
827,18.08.2019,2.5531,2.4569,2.6793,2.407,"3,93%",2019,8,18
828,17.08.2019,2.4566,2.2964,2.4624,2.2756,"7,00%",2019,8,17
829,16.08.2019,2.2958,2.3824,2.3941,2.2398,"-3,64%",2019,8,16
830,15.08.2019,2.3827,2.3409,2.4223,2.2085,"1,79%",2019,8,15
831,14.08.2019,2.3408,2.6421,2.6568,2.3328,"-11,41%",2019,8,14
832,13.08.2019,2.6423,2.7039,2.7081,2.5794,"-2,28%",2019,8,13
833,12.08.2019,2.7039,2.7748,2.7781,2.6763,"-2,59%",2019,8,12
834,11.08.2019,2.7758,2.6619,2.8465,2.6231,"4,28%",2019,8,11
835,10.08.2019,2.6618,2.6295,2.719,2.5777,"1,22%",2019,8,10
836,09.08.2019,2.6296,2.8101,2.8177,2.579,"-6,50%",2019,8,9
837,08.08.2019,2.8125,2.9156,2.9179,2.7321,"-3,52%",2019,8,8
838,07.08.2019,2.9151,2.9304,2.9934,2.8856,"-0,51%",2019,8,7
839,06.08.2019,2.9301,3.0899,3.3425,2.9052,"-5,17%",2019,8,6
840,05.08.2019,3.0899,3.0149,3.1969,3.0125,"2,49%",2019,8,5
841,04.08.2019,3.0148,3.0449,3.0685,2.9722,"-0,99%",2019,8,4
842,03.08.2019,3.0449,2.9997,3.097,2.9912,"1,51%",2019,8,3
843,02.08.2019,2.9997,3.0238,3.0888,2.9618,"-0,80%",2019,8,2
844,01.08.2019,3.0238,3.0628,3.067,2.9265,"-1,28%",2019,8,1
845,31.07.2019,3.063,2.8807,3.107,2.8803,"6,33%",2019,7,31
846,30.07.2019,2.8807,2.8861,2.9142,2.8299,"-0,19%",2019,7,30
847,29.07.2019,2.8861,2.902,2.9618,2.8217,"-0,55%",2019,7,29
848,28.07.2019,2.9022,2.8975,2.9278,2.7577,"0,16%",2019,7,28
849,27.07.2019,2.8974,3.1029,3.1671,2.8317,"-6,63%",2019,7,27
850,26.07.2019,3.103,3.0756,3.1254,2.9538,"0,82%",2019,7,26
851,25.07.2019,3.0777,2.9501,3.1467,2.9444,"4,32%",2019,7,25
852,24.07.2019,2.9501,2.8499,3.024,2.7041,"3,51%",2019,7,24
853,23.07.2019,2.85,3.0459,3.0545,2.8348,"-6,44%",2019,7,23
854,22.07.2019,3.0463,3.2373,3.2799,2.9935,"-5,91%",2019,7,22
855,21.07.2019,3.2376,3.2852,3.3632,3.1144,"-1,45%",2019,7,21
856,20.07.2019,3.2852,3.163,3.3912,3.0713,"3,86%",2019,7,20
857,19.07.2019,3.1631,3.0877,3.1908,2.9356,"2,44%",2019,7,19
858,18.07.2019,3.0877,2.7856,3.1337,2.7231,"10,90%",2019,7,18
859,17.07.2019,2.7841,2.6798,2.9161,2.5481,"3,89%",2019,7,17
860,16.07.2019,2.6798,3.1774,3.2176,2.6629,"-15,68%",2019,7,16
861,15.07.2019,3.1781,3.0683,3.3306,2.8009,"3,55%",2019,7,15
862,14.07.2019,3.069,3.5791,3.6262,3.0347,"-14,25%",2019,7,14
863,13.07.2019,3.5792,3.8293,3.8415,3.4186,"-6,51%",2019,7,13
864,12.07.2019,3.8283,3.571,3.8661,3.4788,"7,21%",2019,7,12
865,11.07.2019,3.571,4.2315,4.2333,3.3294,"-15,61%",2019,7,11
866,10.07.2019,4.2315,4.7882,4.8382,4.0408,"-11,63%",2019,7,10
867,09.07.2019,4.7883,4.995,4.9952,4.7246,"-4,14%",2019,7,9
868,08.07.2019,4.9952,4.844,5.0472,4.7963,"3,12%",2019,7,8
869,07.07.2019,4.8439,4.7783,4.8459,4.6923,"1,37%",2019,7,7
870,06.07.2019,4.7783,4.7274,4.9206,4.7273,"1,13%",2019,7,6
871,05.07.2019,4.7251,4.8298,4.9403,4.6984,"-2,17%",2019,7,5
872,04.07.2019,4.8297,5.1721,5.1734,4.7679,"-6,61%",2019,7,4
873,03.07.2019,5.1718,5.2639,5.3525,4.9029,"-2,35%",2019,7,3
874,02.07.2019,5.2961,4.9205,5.3844,4.3708,"7,64%",2019,7,2
875,01.07.2019,4.92,4.9128,5.1201,4.5107,"0,15%",2019,7,1
876,30.06.2019,4.9127,5.5814,5.6074,4.8941,"-11,98%",2019,6,30
877,29.06.2019,5.5814,5.294,5.8175,5.0926,"5,34%",2019,6,29
878,28.06.2019,5.2985,4.3764,5.2999,4.3392,"21,16%",2019,6,28
879,27.06.2019,4.3731,5.2375,5.554,4.131,"-16,54%",2019,6,27
880,26.06.2019,5.2398,5.2969,5.9382,4.8175,"-1,09%",2019,6,26
881,25.06.2019,5.2977,4.1755,5.4123,4.0696,"26,89%",2019,6,25
882,24.06.2019,4.1752,3.8871,4.2824,3.767,"7,42%",2019,6,24
883,23.06.2019,3.8869,3.9272,4.1356,3.8509,"-0,99%",2019,6,23
884,22.06.2019,3.9258,3.5827,4.1482,3.558,"9,57%",2019,6,22
885,21.06.2019,3.5829,3.5029,3.5996,3.4497,"2,32%",2019,6,21
886,20.06.2019,3.5017,3.5743,3.5853,3.3615,"-2,03%",2019,6,20
887,19.06.2019,3.5744,3.5667,3.6969,3.5189,"0,21%",2019,6,19
888,18.06.2019,3.5667,3.6447,3.6511,3.5356,"-2,20%",2019,6,18
889,17.06.2019,3.6471,3.651,3.7725,3.54,"-0,12%",2019,6,17
890,16.06.2019,3.6516,3.511,3.7233,3.4582,"4,02%",2019,6,16
891,15.06.2019,3.5105,3.4062,3.5991,3.3973,"3,06%",2019,6,15
892,14.06.2019,3.4062,3.3098,3.513,2.7985,"2,93%",2019,6,14
893,13.06.2019,3.3092,3.2104,3.4841,3.1515,"3,08%",2019,6,13
894,12.06.2019,3.2103,3.1328,3.2441,3.0996,"2,47%",2019,6,12
895,11.06.2019,3.1329,3.2079,3.2736,3.0365,"-2,34%",2019,6,11
896,10.06.2019,3.2079,2.9214,3.3818,2.8701,"9,80%",2019,6,10
897,09.06.2019,2.9214,2.9902,3.0538,2.8468,"-2,28%",2019,6,9
898,08.06.2019,2.9896,3.1311,3.1994,2.9762,"-4,56%",2019,6,8
899,07.06.2019,3.1323,2.9998,3.2262,2.9685,"4,42%",2019,6,7
900,06.06.2019,2.9998,3.0212,3.0348,2.8731,"-0,71%",2019,6,6
901,05.06.2019,3.0212,2.9603,3.0615,2.908,"2,06%",2019,6,5
902,04.06.2019,2.9603,3.1607,3.1755,2.8749,"-6,34%",2019,6,4
903,03.06.2019,3.1607,3.61,3.6145,3.1311,"-12,45%",2019,6,3
904,02.06.2019,3.61,3.5089,3.6673,3.4601,"2,89%",2019,6,2
905,01.06.2019,3.5086,3.299,3.7915,3.2739,"6,35%",2019,6,1
906,31.05.2019,3.299,3.1175,3.3298,3.0188,"5,82%",2019,5,31
907,30.05.2019,3.1175,3.2953,3.5641,3.0331,"-5,41%",2019,5,30
908,29.05.2019,3.2959,3.2232,3.4206,3.0188,"2,25%",2019,5,29
909,28.05.2019,3.2232,3.2001,3.2985,3.0824,"0,69%",2019,5,28
910,27.05.2019,3.2012,3.0619,3.2623,3.0214,"4,54%",2019,5,27
911,26.05.2019,3.0623,2.8956,3.0736,2.8151,"5,77%",2019,5,26
912,25.05.2019,2.8953,2.9192,2.9489,2.8657,"-0,82%",2019,5,25
913,24.05.2019,2.9192,2.8733,3.0373,2.8416,"1,60%",2019,5,24
914,23.05.2019,2.8733,2.8579,2.8999,2.726,"0,48%",2019,5,23
915,22.05.2019,2.8595,3.1542,3.1724,2.8238,"-9,34%",2019,5,22
916,21.05.2019,3.1542,3.0969,3.2475,3.0258,"1,85%",2019,5,21
917,20.05.2019,3.0968,3.1375,3.1838,2.8908,"-1,30%",2019,5,20
918,19.05.2019,3.1375,2.819,3.1985,2.8146,"11,31%",2019,5,19
919,18.05.2019,2.8187,2.8852,2.9314,2.7416,"-2,30%",2019,5,18
920,17.05.2019,2.8852,3.1391,3.1567,2.7109,"-8,09%",2019,5,17
921,16.05.2019,3.1391,3.2565,3.5204,2.9703,"-3,58%",2019,5,16
922,15.05.2019,3.2555,2.788,3.2804,2.7803,"16,75%",2019,5,15
923,14.05.2019,2.7884,2.4902,2.822,2.4833,"11,98%",2019,5,14
924,13.05.2019,2.4902,2.4185,2.5517,2.3846,"2,96%",2019,5,13
925,12.05.2019,2.4185,2.5584,2.6061,2.3582,"-5,49%",2019,5,12
926,11.05.2019,2.5591,2.3557,2.67,2.3432,"8,64%",2019,5,11
927,10.05.2019,2.3557,2.3482,2.3797,2.3031,"0,32%",2019,5,10
928,09.05.2019,2.3483,2.422,2.4831,2.3038,"-3,04%",2019,5,9
929,08.05.2019,2.422,2.391,2.4681,2.3496,"1,30%",2019,5,8
930,07.05.2019,2.391,2.4235,2.5061,2.3777,"-1,28%",2019,5,7
931,06.05.2019,2.4218,2.4547,2.456,2.321,"-1,34%",2019,5,6
932,05.05.2019,2.4547,2.4873,2.5282,2.4168,"-1,30%",2019,5,5
933,04.05.2019,2.4871,2.6114,2.6974,2.3755,"-4,76%",2019,5,4
934,03.05.2019,2.6114,2.6026,2.6881,2.5349,"0,34%",2019,5,3
935,02.05.2019,2.6026,2.4427,2.7948,2.4197,"6,55%",2019,5,2
936,01.05.2019,2.4427,2.4281,2.4868,2.3656,"0,59%",2019,5,1
937,30.04.2019,2.4283,2.31,2.4373,2.2782,"5,13%",2019,4,30
938,29.04.2019,2.3099,2.3773,2.4212,2.2621,"-2,84%",2019,4,29
939,28.04.2019,2.3774,2.4009,2.4092,2.3544,"-0,98%",2019,4,28
940,27.04.2019,2.4009,2.3822,2.4248,2.3412,"0,79%",2019,4,27
941,26.04.2019,2.3822,2.3449,2.4339,2.2811,"1,59%",2019,4,26
942,25.04.2019,2.3448,2.4941,2.5294,2.2904,"-5,99%",2019,4,25
943,24.04.2019,2.4941,2.6413,2.667,2.3992,"-5,58%",2019,4,24
944,23.04.2019,2.6415,2.7487,2.807,2.6408,"-3,90%",2019,4,23
945,22.04.2019,2.7487,2.6985,2.7726,2.6513,"1,86%",2019,4,22
946,21.04.2019,2.6985,2.8456,2.8714,2.597,"-5,17%",2019,4,21
947,20.04.2019,2.8456,2.8869,2.9405,2.8184,"-1,43%",2019,4,20
948,19.04.2019,2.8867,2.9298,2.9327,2.8499,"-1,48%",2019,4,19
949,18.04.2019,2.93,2.8277,2.9872,2.827,"3,61%",2019,4,18
950,17.04.2019,2.8278,2.8667,2.8924,2.8005,"-1,36%",2019,4,17
951,16.04.2019,2.8667,2.7865,2.8764,2.7589,"2,83%",2019,4,16
952,15.04.2019,2.7877,2.931,2.9843,2.7733,"-4,89%",2019,4,15
953,14.04.2019,2.9309,2.8738,2.9437,2.8109,"2,07%",2019,4,14
954,13.04.2019,2.8715,2.9519,2.9721,2.8592,"-2,72%",2019,4,13
955,12.04.2019,2.9517,2.9135,2.9955,2.7732,"1,32%",2019,4,12
956,11.04.2019,2.9132,3.2868,3.3361,2.7283,"-11,37%",2019,4,11
957,10.04.2019,3.2868,3.2857,3.4254,3.2707,"0,04%",2019,4,10
958,09.04.2019,3.2855,3.4503,3.4548,3.232,"-4,77%",2019,4,9
959,08.04.2019,3.4501,3.6136,3.6661,3.2587,"-4,51%",2019,4,8
960,07.04.2019,3.6133,3.2777,3.6853,3.2657,"10,23%",2019,4,7
961,06.04.2019,3.2778,3.3618,3.3696,3.2298,"-2,58%",2019,4,6
962,05.04.2019,3.3647,3.1803,3.433,3.1699,"5,80%",2019,4,5
963,04.04.2019,3.1801,3.2039,3.402,3.0419,"-0,75%",2019,4,4
964,03.04.2019,3.204,3.2762,3.568,3.0796,"-2,22%",2019,4,3
965,02.04.2019,3.2767,2.9672,3.2922,2.8288,"10,32%",2019,4,2
966,01.04.2019,2.9701,2.9309,3.0705,2.8814,"1,34%",2019,4,1
967,31.03.2019,2.9309,2.7884,3.108,2.7533,"5,11%",2019,3,31
968,30.03.2019,2.7884,2.7085,2.8517,2.6488,"3,00%",2019,3,30
969,29.03.2019,2.7071,2.6448,2.7197,2.6047,"2,41%",2019,3,29
970,28.03.2019,2.6435,2.5909,2.7484,2.5299,"2,03%",2019,3,28
971,27.03.2019,2.5909,2.4724,2.5981,2.4648,"4,79%",2019,3,27
972,26.03.2019,2.4724,2.4765,2.4958,2.3714,"-0,16%",2019,3,26
973,25.03.2019,2.4764,2.5969,2.6521,2.4255,"-4,63%",2019,3,25
974,24.03.2019,2.5967,2.674,2.6741,2.5594,"-2,84%",2019,3,24
975,23.03.2019,2.6726,2.5289,2.7168,2.519,"5,66%",2019,3,23
976,22.03.2019,2.5294,2.4681,2.5576,2.4194,"2,48%",2019,3,22
977,21.03.2019,2.4681,2.5136,2.5976,2.3182,"-1,80%",2019,3,21
978,20.03.2019,2.5134,2.493,2.6271,2.4223,"0,82%",2019,3,20
979,19.03.2019,2.4931,2.4614,2.5353,2.4528,"1,28%",2019,3,19
980,18.03.2019,2.4614,2.5026,2.5596,2.4263,"-1,64%",2019,3,18
981,17.03.2019,2.5025,2.4924,2.6457,2.3639,"0,40%",2019,3,17
982,16.03.2019,2.4925,2.5331,2.5411,2.443,"-1,67%",2019,3,16
983,15.03.2019,2.5349,2.6602,2.7028,2.3933,"-4,83%",2019,3,15
984,14.03.2019,2.6636,2.1201,2.9517,2.0623,"25,64%",2019,3,14
985,13.03.2019,2.1201,2.1527,2.197,2.0878,"-1,52%",2019,3,13
986,12.03.2019,2.1527,2.0661,2.1813,2.0239,"4,19%",2019,3,12
987,11.03.2019,2.0661,2.1341,2.1621,2.0389,"-3,18%",2019,3,11
988,10.03.2019,2.1341,2.1989,2.2031,2.1098,"-2,95%",2019,3,10
989,09.03.2019,2.1989,2.101,2.2236,2.078,"4,67%",2019,3,9
990,08.03.2019,2.1008,2.0693,2.1722,2.0504,"1,52%",2019,3,8
991,07.03.2019,2.0693,2.0513,2.1029,2.0431,"0,87%",2019,3,7
992,06.03.2019,2.0513,2.0656,2.0802,2.0176,"-0,69%",2019,3,6
993,05.03.2019,2.0656,1.9478,2.086,1.9375,"6,05%",2019,3,5
994,04.03.2019,1.9478,2.0399,2.0536,1.9061,"-4,52%",2019,3,4
995,03.03.2019,2.0399,2.0607,2.0816,2.036,"-1,02%",2019,3,3
996,02.03.2019,2.0609,2.1175,2.1298,2.0486,"-2,67%",2019,3,2
997,01.03.2019,2.1175,2.077,2.1884,2.0746,"1,95%",2019,3,1
998,28.02.2019,2.077,2.0689,2.0921,2.0346,"0,39%",2019,2,28
999,27.02.2019,2.0688,2.048,2.2439,2.0121,"1,02%",2019,2,27
1000,26.02.2019,2.048,2.0863,2.1674,2.0384,"-1,84%",2019,2,26
1001,25.02.2019,2.0863,1.9984,2.1302,1.9975,"4,40%",2019,2,25
1002,24.02.2019,1.9984,2.3728,2.4944,1.9914,"-15,80%",2019,2,24
1003,23.02.2019,2.3733,2.1272,2.4023,2.1108,"11,58%",2019,2,23
1004,22.02.2019,2.1271,2.0731,2.147,2.0648,"2,61%",2019,2,22
1005,21.02.2019,2.0731,2.166,2.1808,2.0575,"-4,29%",2019,2,21
1006,20.02.2019,2.166,2.1127,2.168,2.0504,"2,52%",2019,2,20
1007,19.02.2019,2.1127,2.1267,2.2059,2.0838,"-0,66%",2019,2,19
1008,18.02.2019,2.1267,1.9657,2.1896,1.9565,"8,19%",2019,2,18
1009,17.02.2019,1.9657,1.9367,1.9937,1.9201,"1,49%",2019,2,17
1010,16.02.2019,1.9367,1.9074,1.978,1.9071,"1,54%",2019,2,16
1011,15.02.2019,1.9074,1.887,1.9594,1.8817,"1,08%",2019,2,15
1012,14.02.2019,1.887,1.9152,1.932,1.864,"-1,47%",2019,2,14
1013,13.02.2019,1.9152,1.9593,1.9791,1.9027,"-2,25%",2019,2,13
1014,12.02.2019,1.9593,1.9193,1.9668,1.8919,"2,14%",2019,2,12
1015,11.02.2019,1.9183,1.9613,1.9638,1.8957,"-2,19%",2019,2,11
1016,10.02.2019,1.9613,1.9446,1.9694,1.8696,"0,86%",2019,2,10
1017,09.02.2019,1.9446,1.9434,1.9703,1.9214,"0,06%",2019,2,9
1018,08.02.2019,1.9435,1.7646,1.9649,1.7427,"10,14%",2019,2,8
1019,07.02.2019,1.7645,1.7428,1.7909,1.7323,"1,25%",2019,2,7
1020,06.02.2019,1.7428,1.8102,1.819,1.7085,"-3,72%",2019,2,6
1021,05.02.2019,1.8102,1.8192,1.8241,1.7924,"-0,49%",2019,2,5
1022,04.02.2019,1.8192,1.8246,1.8373,1.7821,"-0,30%",2019,2,4
1023,03.02.2019,1.8246,1.8734,1.8751,1.8143,"-2,61%",2019,2,3
1024,02.02.2019,1.8734,1.8434,1.8771,1.8183,"1,63%",2019,2,2
1025,01.02.2019,1.8434,1.8362,1.8626,1.7886,"0,39%",2019,2,1
1026,31.01.2019,1.8362,1.8806,1.8996,1.8164,"-2,36%",2019,1,31
1027,30.01.2019,1.8806,1.8437,1.9006,1.801,"1,98%",2019,1,30
1028,29.01.2019,1.8441,1.8563,1.8824,1.785,"-0,65%",2019,1,29
1029,28.01.2019,1.8562,1.9859,1.9952,1.7796,"-6,53%",2019,1,28
1030,27.01.2019,1.9859,2.0523,2.0662,1.9753,"-3,22%",2019,1,27
1031,26.01.2019,2.052,2.0553,2.084,2.0415,"-0,17%",2019,1,26
1032,25.01.2019,2.0555,2.0505,2.0652,2.0329,"0,25%",2019,1,25
1033,24.01.2019,2.0505,2.0371,2.0604,1.9285,"0,63%",2019,1,24
1034,23.01.2019,2.0376,2.0568,2.093,2.002,"-0,94%",2019,1,23
1035,22.01.2019,2.057,2.0124,2.0806,1.9727,"2,22%",2019,1,22
1036,21.01.2019,2.0124,2.0185,2.0477,1.9886,"-0,35%",2019,1,21
1037,20.01.2019,2.0195,2.128,2.1351,1.9796,"-5,10%",2019,1,20
1038,19.01.2019,2.128,2.0697,2.1485,2.0697,"2,82%",2019,1,19
1039,18.01.2019,2.0697,2.1032,2.1074,2.0557,"-1,59%",2019,1,18
1040,17.01.2019,2.1032,2.0738,2.1095,2.0375,"1,54%",2019,1,17
1041,16.01.2019,2.0713,2.0865,2.1153,2.0315,"-0,68%",2019,1,16
1042,15.01.2019,2.0855,2.1664,2.1872,2.0238,"-3,76%",2019,1,15
1043,14.01.2019,2.1671,2.0157,2.1739,1.9876,"7,45%",2019,1,14
1044,13.01.2019,2.0168,2.1871,2.2736,1.989,"-7,88%",2019,1,13
1045,12.01.2019,2.1892,2.1159,2.3746,1.964,"3,44%",2019,1,12
1046,11.01.2019,2.1164,2.0575,2.2605,1.9833,"2,85%",2019,1,11
1047,10.01.2019,2.0579,2.3919,2.5587,2.024,"-13,89%",2019,1,10
1048,09.01.2019,2.3897,2.2103,2.4709,1.9004,"8,44%",2019,1,9
1049,08.01.2019,2.2037,2.2642,2.4567,1.844,"-2,78%",2019,1,8
1050,07.01.2019,2.2668,2.3161,2.3392,2.2376,"-2,13%",2019,1,7
1051,06.01.2019,2.3161,2.2375,2.4664,2.1837,"3,51%",2019,1,6
1052,05.01.2019,2.2375,2.2064,2.3837,1.9337,"1,36%",2019,1,5
1053,04.01.2019,2.2075,1.9382,2.2504,1.9264,"13,74%",2019,1,4
1054,03.01.2019,1.9408,2.2123,2.3385,1.8617,"-12,27%",2019,1,3
1055,02.01.2019,2.2123,2.225,2.3419,1.8995,"-0,57%",2019,1,2
1056,01.01.2019,2.2249,2.1533,2.2332,2.1222,"3,33%",2019,1,1
1057,31.12.2018,2.1532,2.2735,2.3181,2.1236,"-5,37%",2018,12,31
1058,30.12.2018,2.2753,2.2624,2.326,1.8852,"0,77%",2018,12,30
1059,29.12.2018,2.2581,2.2376,2.3812,2.0434,"0,96%",2018,12,29
1060,28.12.2018,2.2367,2.0778,2.344,1.7916,"7,82%",2018,12,28
1061,27.12.2018,2.0745,2.3639,2.4048,1.7199,"-12,46%",2018,12,27
1062,26.12.2018,2.3698,2.3979,2.4924,2.079,"-1,17%",2018,12,26
1063,25.12.2018,2.3979,2.528,2.617,2.2128,"-5,13%",2018,12,25
1064,24.12.2018,2.5276,2.735,2.9668,2.5156,"-7,63%",2018,12,24
1065,23.12.2018,2.7364,2.3501,2.7452,2.2938,"16,59%",2018,12,23
1066,22.12.2018,2.347,2.2192,2.4254,2.1415,"5,79%",2018,12,22
1067,21.12.2018,2.2185,2.3644,2.4438,2.1766,"-6,24%",2018,12,21
1068,20.12.2018,2.3661,2.1732,2.4057,2.112,"8,88%",2018,12,20
1069,19.12.2018,2.1732,2.0567,2.5146,2.0189,"5,91%",2018,12,19
1070,18.12.2018,2.0519,2.0176,2.1332,1.9289,"2,01%",2018,12,18
1071,17.12.2018,2.0115,1.7459,2.2019,1.6775,"15,33%",2018,12,17
1072,16.12.2018,1.7442,1.7388,1.7872,1.6774,"0,31%",2018,12,16
1073,15.12.2018,1.7388,1.6527,1.7791,1.6015,"5,27%",2018,12,15
1074,14.12.2018,1.6517,1.8141,1.828,1.6381,"-9,00%",2018,12,14
1075,13.12.2018,1.8151,1.6476,1.9877,1.5693,"10,11%",2018,12,13
1076,12.12.2018,1.6484,1.5887,1.7086,1.5624,"3,03%",2018,12,12
1077,11.12.2018,1.6,1.54,1.6989,1.4991,"3,90%",2018,12,11
1078,10.12.2018,1.54,1.6806,1.8583,1.5123,"-7,84%",2018,12,10
1079,09.12.2018,1.671,1.5941,1.7452,1.5607,"4,82%",2018,12,9
1080,08.12.2018,1.5941,1.5697,1.684,1.4978,"1,51%",2018,12,8
1081,07.12.2018,1.5704,1.6281,1.6499,1.4588,"-3,57%",2018,12,7
1082,06.12.2018,1.6286,1.8445,1.9448,1.6187,"-11,83%",2018,12,6
1083,05.12.2018,1.847,1.9444,1.9732,1.8216,"-4,64%",2018,12,5
1084,04.12.2018,1.9368,1.9376,2.0259,1.8754,"-0,13%",2018,12,4
1085,03.12.2018,1.9393,2.1258,13.841,-3.8127,"-8,84%",2018,12,3
1086,02.12.2018,2.1273,2.1366,2.1874,2.0103,"-0,50%",2018,12,2
1087,01.12.2018,2.138,2.0495,2.2003,2.0149,"4,46%",2018,12,1
1088,30.11.2018,2.0468,2.1623,2.1681,1.9772,"-5,33%",2018,11,30
1089,29.11.2018,2.162,2.1735,2.2997,2.0771,"-0,67%",2018,11,29
1090,28.11.2018,2.1766,1.9748,2.2653,1.9701,"10,26%",2018,11,28
1091,27.11.2018,1.974,1.9589,2.001,1.8271,"0,78%",2018,11,27
1092,26.11.2018,1.9587,2.1154,2.1823,1.907,"-7,41%",2018,11,26
1093,25.11.2018,2.1154,2.1575,2.1806,1.893,"-1,95%",2018,11,25
1094,24.11.2018,2.1574,2.3554,2.4336,2.1021,"-8,41%",2018,11,24
1095,23.11.2018,2.3554,2.3562,2.3903,2.2237,"-0,03%",2018,11,23
1096,22.11.2018,2.3562,2.5061,2.5405,2.3463,"-5,98%",2018,11,22
1097,21.11.2018,2.5061,2.4741,2.5626,2.3507,"1,28%",2018,11,21
1098,20.11.2018,2.4744,2.6388,2.7744,2.2701,"-6,70%",2018,11,20
1099,19.11.2018,2.652,3.3174,3.3592,2.3879,"-20,17%",2018,11,19
1100,18.11.2018,3.3221,3.1496,3.4445,2.8614,"5,34%",2018,11,18
1101,17.11.2018,3.1537,3.1477,3.1669,2.9656,"0,19%",2018,11,17
1102,16.11.2018,3.1477,3.2415,3.2719,2.9539,"-2,90%",2018,11,16
1103,15.11.2018,3.2416,3.4354,3.4572,2.9056,"-5,64%",2018,11,15
1104,14.11.2018,3.4352,3.8309,3.8377,3.1515,"-10,33%",2018,11,14
1105,13.11.2018,3.831,3.8343,3.8746,3.7005,"-0,09%",2018,11,13
1106,12.11.2018,3.8343,3.6639,4.0598,3.646,"4,59%",2018,11,12
1107,11.11.2018,3.666,4.0833,4.3,3.6191,"-10,81%",2018,11,11
1108,10.11.2018,4.1101,3.9023,4.151,3.6616,"5,01%",2018,11,10
1109,09.11.2018,3.914,3.9735,4.1506,3.7443,"-1,50%",2018,11,9
1110,08.11.2018,3.9735,4.1302,4.15,3.7693,"-3,79%",2018,11,8
1111,07.11.2018,4.1302,4.0634,4.3174,3.8586,"1,64%",2018,11,7
1112,06.11.2018,4.0634,3.8896,4.2306,3.7037,"4,47%",2018,11,6
1113,05.11.2018,3.8896,4.0041,4.0091,3.8757,"-2,86%",2018,11,5
1114,04.11.2018,4.0041,3.8916,4.1539,3.6882,"2,89%",2018,11,4
1115,03.11.2018,3.8916,3.9405,3.9687,3.6462,"-1,24%",2018,11,3
1116,02.11.2018,3.9405,3.9064,4.0081,3.6567,"0,87%",2018,11,2
1117,01.11.2018,3.9064,3.9095,4.0011,3.6319,"-0,05%",2018,11,1
1118,31.10.2018,3.9085,3.6818,4.0152,3.374,"6,16%",2018,10,31
1119,30.10.2018,3.6818,3.7686,3.9426,3.3642,"-2,15%",2018,10,30
1120,29.10.2018,3.7629,3.9539,4.1915,3.4459,"-5,02%",2018,10,29
1121,28.10.2018,3.9617,4.1306,4.2714,3.7802,"-4,10%",2018,10,28
1122,27.10.2018,4.1311,4.0551,4.1758,3.8816,"1,88%",2018,10,27
1123,26.10.2018,4.0551,4.1131,4.1569,3.8118,"-1,26%",2018,10,26
1124,25.10.2018,4.1069,4.2353,4.3183,3.7456,"-3,03%",2018,10,25
1125,24.10.2018,4.2353,3.9091,4.3483,3.5258,"8,34%",2018,10,24
1126,23.10.2018,3.9091,4.2371,4.3533,3.638,"-6,86%",2018,10,23
1127,22.10.2018,4.1972,4.2721,4.6979,3.5515,"-1,76%",2018,10,22
1128,21.10.2018,4.2721,4.062,4.4642,3.8587,"5,41%",2018,10,21
1129,20.10.2018,4.0529,4.0856,4.1536,3.8337,"-1,02%",2018,10,20
1130,19.10.2018,4.0947,4.029,4.2903,3.7886,"1,63%",2018,10,19
1131,18.10.2018,4.029,4.1409,4.9574,3.8404,"-2,87%",2018,10,18
1132,17.10.2018,4.1481,3.7018,4.1994,3.6166,"12,06%",2018,10,17
1133,16.10.2018,3.7018,3.8909,4.4158,3.3754,"-4,86%",2018,10,16
1134,15.10.2018,3.8909,3.6322,4.0849,3.4503,"7,40%",2018,10,15
1135,14.10.2018,3.6227,3.4816,4.0993,3.1487,"3,77%",2018,10,14
1136,13.10.2018,3.4911,3.4244,3.6422,3.1427,"1,67%",2018,10,13
1137,12.10.2018,3.4336,3.7614,4.0024,3.2013,"-8,93%",2018,10,12
1138,11.10.2018,3.7702,4.0428,4.0755,3.2456,"-6,17%",2018,10,11
1139,10.10.2018,4.0182,3.4726,4.1683,3.2636,"14,80%",2018,10,10
1140,09.10.2018,3.5002,4.0107,4.2523,3.2642,"-12,73%",2018,10,9
1141,08.10.2018,4.0107,3.4865,4.1769,3.1715,"15,04%",2018,10,8
1142,07.10.2018,3.4865,3.6253,3.7822,3.1902,"-4,09%",2018,10,7
1143,06.10.2018,3.635,3.7183,4.0786,3.2133,"-0,73%",2018,10,6
1144,05.10.2018,3.6616,3.9121,4.1317,3.1798,"-6,40%",2018,10,5
1145,04.10.2018,3.9121,3.6046,4.3931,3.1647,"9,08%",2018,10,4
1146,03.10.2018,3.5865,3.7225,3.9409,3.1875,"-3,65%",2018,10,3
1147,02.10.2018,3.7225,3.8476,4.3681,3.2712,"-3,25%",2018,10,2
1148,01.10.2018,3.8476,3.8612,4.2885,3.7341,"-0,35%",2018,10,1
1149,30.09.2018,3.8612,3.8584,4.2237,3.8001,"0,07%",2018,9,30
1150,29.09.2018,3.8584,3.8569,4.1107,3.7911,"0,04%",2018,9,29
1151,28.09.2018,3.8569,3.9957,4.1807,3.797,"-3,48%",2018,9,28
1152,27.09.2018,3.9957,3.6127,4.1615,3.5457,"10,60%",2018,9,27
1153,26.09.2018,3.6127,3.6816,3.954,3.5902,"-1,99%",2018,9,26
1154,25.09.2018,3.6859,3.7965,4.0652,3.4588,"-2,91%",2018,9,25
1155,24.09.2018,3.7965,4.1543,4.3404,3.7753,"-8,61%",2018,9,24
1156,23.09.2018,4.1543,3.7557,4.6122,3.7557,"10,61%",2018,9,23
1157,22.09.2018,3.7557,4.0496,4.0943,3.6669,"-7,26%",2018,9,22
1158,21.09.2018,4.0496,3.5565,4.226,3.5554,"13,87%",2018,9,21
1159,20.09.2018,3.5565,3.3079,3.9853,3.3024,"7,52%",2018,9,20
1160,19.09.2018,3.3079,3.2761,3.8946,3.1632,"0,97%",2018,9,19
1161,18.09.2018,3.2761,3.1539,3.7496,3.1518,"3,87%",2018,9,18
1162,17.09.2018,3.1539,3.4517,3.4788,3.1188,"-8,63%",2018,9,17
1163,16.09.2018,3.4517,3.4932,3.4932,3.3736,"-1,19%",2018,9,16
1164,15.09.2018,3.4932,3.4087,4.1266,3.3959,"2,33%",2018,9,15
1165,14.09.2018,3.4136,3.5009,4.0845,3.3293,"-2,49%",2018,9,14
1166,13.09.2018,3.5009,3.3449,3.5683,3.3426,"4,66%",2018,9,13
1167,12.09.2018,3.3449,3.3893,3.7076,3.094,"-1,31%",2018,9,12
1168,11.09.2018,3.3893,3.5561,3.8734,3.2624,"-4,80%",2018,9,11
1169,10.09.2018,3.5604,3.5955,3.8791,3.4812,"-0,97%",2018,9,10
1170,09.09.2018,3.5952,3.6188,3.8644,3.5836,"-0,64%",2018,9,9
1171,08.09.2018,3.6183,3.8705,4.1191,3.5594,"-6,52%",2018,9,8
1172,07.09.2018,3.8705,4.0184,4.08,3.7562,"-3,68%",2018,9,7
1173,06.09.2018,4.0184,3.8808,4.0357,3.5396,"3,56%",2018,9,6
1174,05.09.2018,3.8802,4.7566,4.9865,3.8756,"-18,42%",2018,9,5
1175,04.09.2018,4.7566,4.7133,4.9741,4.7053,"1,02%",2018,9,4
1176,03.09.2018,4.7085,4.7744,4.9579,4.6058,"-1,38%",2018,9,3
1177,02.09.2018,4.7744,4.909,5.0967,4.5924,"-2,74%",2018,9,2
1178,01.09.2018,4.909,4.712,5.0558,4.7028,"4,18%",2018,9,1
1179,31.08.2018,4.712,4.659,4.8588,4.5388,"1,14%",2018,8,31
1180,30.08.2018,4.659,4.8194,4.9488,4.4163,"-3,19%",2018,8,30
1181,29.08.2018,4.8125,4.8012,5.2343,4.6207,"0,24%",2018,8,29
1182,28.08.2018,4.8012,4.4943,4.9162,4.4292,"6,83%",2018,8,28
1183,27.08.2018,4.4943,4.1129,4.5497,4.0815,"9,27%",2018,8,27
1184,26.08.2018,4.1129,4.1947,4.2049,4.0162,"-2,04%",2018,8,26
1185,25.08.2018,4.1985,4.2082,4.4811,4.1444,"-0,23%",2018,8,25
1186,24.08.2018,4.2082,4.1651,4.2254,4.0646,"1,04%",2018,8,24
1187,23.08.2018,4.1651,4.0682,4.1964,4.0192,"2,43%",2018,8,23
1188,22.08.2018,4.0663,4.2669,4.5294,3.9964,"-4,70%",2018,8,22
1189,21.08.2018,4.2669,4.0998,4.338,4.0329,"4,08%",2018,8,21
1190,20.08.2018,4.0998,4.5939,4.8247,4.0998,"-10,75%",2018,8,20
1191,19.08.2018,4.5939,4.5068,4.7043,4.4242,"1,77%",2018,8,19
1192,18.08.2018,4.5141,5.0091,5.2049,4.3168,"-9,88%",2018,8,18
1193,17.08.2018,5.0091,4.3602,5.0236,4.3595,"14,88%",2018,8,17
1194,16.08.2018,4.3602,4.4508,4.5149,4.2946,"-2,04%",2018,8,16
1195,15.08.2018,4.4508,4.4448,4.7339,4.3213,"0,08%",2018,8,15
1196,14.08.2018,4.4472,4.1606,4.5789,3.5771,"6,81%",2018,8,14
1197,13.08.2018,4.1638,4.6081,4.7087,4.1067,"-9,64%",2018,8,13
1198,12.08.2018,4.6081,4.6668,4.9424,4.5903,"-1,26%",2018,8,12
1199,11.08.2018,4.6668,4.9935,4.9995,4.4489,"-6,54%",2018,8,11
1200,10.08.2018,4.9935,5.3831,5.4996,4.9605,"-7,24%",2018,8,10
1201,09.08.2018,5.3831,5.2411,5.512,5.1019,"2,72%",2018,8,9
1202,08.08.2018,5.2407,6.0324,6.053,5.0964,"-13,17%",2018,8,8
1203,07.08.2018,6.0357,6.4328,6.4978,6.008,"-6,06%",2018,8,7
1204,06.08.2018,6.425,6.4951,6.8263,6.3094,"-1,08%",2018,8,6
1205,05.08.2018,6.4951,6.2814,6.5761,6.2725,"3,40%",2018,8,5
1206,04.08.2018,6.2814,6.3114,6.6541,6.1433,"-0,48%",2018,8,4
1207,03.08.2018,6.3114,6.4077,6.4174,5.9397,"-1,50%",2018,8,3
1208,02.08.2018,6.4077,6.8157,6.9602,6.3595,"-5,99%",2018,8,2
1209,01.08.2018,6.8157,6.8739,6.8926,6.523,"-0,85%",2018,8,1
1210,31.07.2018,6.8739,7.4104,7.4352,6.7921,"-7,24%",2018,7,31
1211,30.07.2018,7.4104,7.7105,7.7716,7.1672,"-3,89%",2018,7,30
1212,29.07.2018,7.7105,7.7646,7.8946,7.617,"-0,70%",2018,7,29
1213,28.07.2018,7.7646,7.8876,7.968,7.6068,"-1,56%",2018,7,28
1214,27.07.2018,7.8876,7.7721,7.958,7.6059,"1,50%",2018,7,27
1215,26.07.2018,7.7707,8.0665,8.2699,7.6632,"-3,66%",2018,7,26
1216,25.07.2018,8.0657,8.1876,8.3475,7.9085,"-1,49%",2018,7,25
1217,24.07.2018,8.1876,7.8136,8.2541,7.608,"4,79%",2018,7,24
1218,23.07.2018,7.8136,7.7945,8.2643,7.7259,"0,25%",2018,7,23
1219,22.07.2018,7.7945,7.806,8.3321,7.754,"-0,15%",2018,7,22
1220,21.07.2018,7.806,7.7242,7.9823,7.4362,"1,06%",2018,7,21
1221,20.07.2018,7.7242,8.3894,8.3933,7.6611,"-7,93%",2018,7,20
1222,19.07.2018,8.3894,8.5828,8.7425,8.2726,"-2,23%",2018,7,19
1223,18.07.2018,8.5804,8.8384,9.1223,8.4498,"-2,92%",2018,7,18
1224,17.07.2018,8.8384,8.3815,8.9905,8.0424,"5,45%",2018,7,17
1225,16.07.2018,8.3815,7.8386,8.3996,7.7969,"6,93%",2018,7,16
1226,15.07.2018,7.8386,7.6629,7.9187,7.6555,"2,40%",2018,7,15
1227,14.07.2018,7.6546,7.6446,7.7852,7.4591,"0,13%",2018,7,14
1228,13.07.2018,7.6446,7.5027,7.7571,7.4793,"1,89%",2018,7,13
1229,12.07.2018,7.5027,7.8165,7.9119,7.3036,"-4,01%",2018,7,12
1230,11.07.2018,7.8165,7.7882,7.9255,7.5945,"0,32%",2018,7,11
1231,10.07.2018,7.7915,8.5046,8.564,7.7768,"-8,38%",2018,7,10
1232,09.07.2018,8.5046,8.8807,9.1956,8.4939,"-4,22%",2018,7,9
1233,08.07.2018,8.8795,9.171,9.2591,8.8697,"-3,09%",2018,7,8
1234,07.07.2018,9.1624,8.9512,9.5228,8.7803,"2,36%",2018,7,7
1235,06.07.2018,8.9512,8.6878,9.054,8.3769,"3,03%",2018,7,6
1236,05.07.2018,8.6878,8.9159,9.2191,8.4678,"-2,56%",2018,7,5
1237,04.07.2018,8.9159,8.7838,9.2763,8.5104,"1,50%",2018,7,4
1238,03.07.2018,8.7838,9.1693,9.4885,8.7355,"-4,20%",2018,7,3
1239,02.07.2018,9.1693,8.5312,9.3272,8.3505,"7,48%",2018,7,2
1240,01.07.2018,8.5312,8.4987,8.8804,8.303,"0,40%",2018,7,1
1241,30.06.2018,8.4972,8.1474,8.7524,8.1412,"4,16%",2018,6,30
1242,29.06.2018,8.1576,7.7823,8.3028,7.5766,"4,82%",2018,6,29
1243,28.06.2018,7.7823,8.8054,8.841,7.7282,"-11,65%",2018,6,28
1244,27.06.2018,8.8083,8.2031,9.3765,8.1185,"7,35%",2018,6,27
1245,26.06.2018,8.2056,8.3008,9.4034,7.9403,"-1,16%",2018,6,26
1246,25.06.2018,8.3021,8.0245,8.4469,7.775,"3,33%",2018,6,25
1247,24.06.2018,8.0343,8.8226,8.8403,7.4358,"-8,90%",2018,6,24
1248,23.06.2018,8.8195,8.8488,9.0415,8.5287,"-0,33%",2018,6,23
1249,22.06.2018,8.8488,10.2185,10.2415,8.721,"-13,41%",2018,6,22
1250,21.06.2018,10.219,10.4066,10.6399,10.1307,"-1,79%",2018,6,21
1251,20.06.2018,10.4051,10.6843,10.7042,10.0228,"-2,63%",2018,6,20
1252,19.06.2018,10.6857,10.588,10.8521,10.3203,"0,89%",2018,6,19
1253,18.06.2018,10.591,10.4248,10.7341,10.0562,"1,59%",2018,6,18
1254,17.06.2018,10.4254,10.5934,10.6933,10.4172,"-1,58%",2018,6,17
1255,16.06.2018,10.5929,10.5711,10.6929,10.2759,"0,14%",2018,6,16
1256,15.06.2018,10.5784,11.0783,11.0955,10.5267,"-4,49%",2018,6,15
1257,14.06.2018,11.0753,10.4957,11.2464,10.3362,"5,49%",2018,6,14
1258,13.06.2018,10.4989,11.1447,11.3084,10.0472,"-5,79%",2018,6,13
1259,12.06.2018,11.1447,11.9179,12.6575,10.9432,"-6,49%",2018,6,12
1260,11.06.2018,11.9178,11.3758,11.9268,11.1339,"4,84%",2018,6,11
1261,10.06.2018,11.3672,13.0641,13.0863,11.1317,"-12,98%",2018,6,10
1262,09.06.2018,13.0626,13.3203,13.4514,13.0417,"-1,91%",2018,6,9
1263,08.06.2018,13.3166,13.5247,13.6688,13.132,"-1,54%",2018,6,8
1264,07.06.2018,13.5242,13.6233,13.8638,13.4941,"-0,55%",2018,6,7
1265,06.06.2018,13.5994,13.8859,13.9306,13.3958,"-2,13%",2018,6,6
1266,05.06.2018,13.8948,13.5929,13.9488,13.1023,"2,22%",2018,6,5
1267,04.06.2018,13.5929,14.6297,14.7881,13.3835,"-7,09%",2018,6,4
1268,03.06.2018,14.6297,14.5284,14.8547,14.3469,"0,72%",2018,6,3
1269,02.06.2018,14.5253,14.3801,14.7655,14.2585,"1,31%",2018,6,2
1270,01.06.2018,14.337,13.3523,14.4898,13.1922,"7,38%",2018,6,1
1271,31.05.2018,13.3513,13.0257,13.6068,12.9124,"2,32%",2018,5,31
1272,30.05.2018,13.048,13.1512,13.5371,12.7437,"-0,77%",2018,5,30
1273,29.05.2018,13.1497,12.1241,13.4338,11.9889,"8,44%",2018,5,29
1274,28.05.2018,12.1259,13.1661,13.3084,12.1081,"-8,01%",2018,5,28
1275,27.05.2018,13.1811,13.2141,13.2306,12.8841,"-0,25%",2018,5,27
1276,26.05.2018,13.2141,13.2256,13.638,13.0504,"-0,13%",2018,5,26
1277,25.05.2018,13.2308,13.8888,13.9227,12.9782,"-4,70%",2018,5,25
1278,24.05.2018,13.8833,13.2349,14.1219,12.5786,"4,90%",2018,5,24
1279,23.05.2018,13.2349,14.8937,15.0684,13.0905,"-11,14%",2018,5,23
1280,22.05.2018,14.8942,16.0741,16.1658,14.8878,"-7,33%",2018,5,22
1281,21.05.2018,16.0728,16.7504,16.8851,15.9869,"-4,05%",2018,5,21
1282,20.05.2018,16.7509,16.0544,17.1237,15.8503,"4,34%",2018,5,20
1283,19.05.2018,16.0544,15.9199,16.2894,15.4214,"0,85%",2018,5,19
1284,18.05.2018,15.9192,15.3696,16.0247,14.9199,"3,54%",2018,5,18
1285,17.05.2018,15.3752,16.3995,16.9458,15.1278,"-6,25%",2018,5,17
1286,16.05.2018,16.3995,16.7841,16.8061,15.7402,"-2,29%",2018,5,16
1287,15.05.2018,16.784,17.6208,18.3781,16.655,"-4,75%",2018,5,15
1288,14.05.2018,17.6212,17.199,18.7528,16.0505,"2,45%",2018,5,14
1289,13.05.2018,17.199,16.0947,17.853,15.6658,"6,83%",2018,5,13
1290,12.05.2018,16.0988,15.9603,16.7423,14.2342,"0,90%",2018,5,12
1291,11.05.2018,15.9553,18.3284,18.4015,15.4719,"-13,16%",2018,5,11
1292,10.05.2018,18.3722,19.9106,20.1344,18.3272,"-7,92%",2018,5,10
1293,09.05.2018,19.9524,20.7026,20.704,19.0531,"-3,56%",2018,5,9
1294,08.05.2018,20.6899,21.3946,21.4397,20.344,"-3,35%",2018,5,8
1295,07.05.2018,21.4059,22.8815,22.9238,20.5897,"-6,48%",2018,5,7
1296,06.05.2018,22.888,22.469,23.9108,21.4984,"1,80%",2018,5,6
1297,05.05.2018,22.4841,22.0862,22.9688,21.9675,"1,80%",2018,5,5
1298,04.05.2018,22.0862,22.7945,23.7366,21.6336,"-3,14%",2018,5,4
1299,03.05.2018,22.8022,22.2991,23.3468,21.7756,"2,26%",2018,5,3
1300,02.05.2018,22.2992,21.972,22.4552,21.3918,"1,38%",2018,5,2
1301,01.05.2018,21.9946,22.3709,22.4221,20.5311,"-1,68%",2018,5,1
1302,30.04.2018,22.3709,22.99,25.7154,21.6487,"-2,69%",2018,4,30
1303,29.04.2018,22.989,21.578,23.5973,20.2391,"6,54%",2018,4,29
1304,28.04.2018,21.5773,19.7141,21.9637,19.5439,"9,45%",2018,4,28
1305,27.04.2018,19.7141,20.944,21.2024,19.6933,"-5,79%",2018,4,27
1306,26.04.2018,20.9257,19.0976,20.9691,18.4308,"9,66%",2018,4,26
1307,25.04.2018,19.0828,22.6746,22.6746,18.2987,"-15,84%",2018,4,25
1308,24.04.2018,22.6755,20.4553,23.8593,20.4223,"10,85%",2018,4,24
1309,23.04.2018,20.4553,19.1176,20.6787,19.1176,"7,08%",2018,4,23
1310,22.04.2018,19.1029,19.2861,19.8563,18.5904,"-0,95%",2018,4,22
1311,21.04.2018,19.2861,20.2483,20.6098,17.9325,"-4,69%",2018,4,21
1312,20.04.2018,20.2347,18.5161,20.5406,18.029,"9,57%",2018,4,20
1313,19.04.2018,18.468,17.4807,18.5018,17.3688,"5,65%",2018,4,19
1314,18.04.2018,17.4807,16.2443,17.587,16.2327,"7,61%",2018,4,18
1315,17.04.2018,16.2443,16.6061,16.9378,16.0787,"-2,09%",2018,4,17
1316,16.04.2018,16.5917,16.8099,16.9063,15.5572,"-1,30%",2018,4,16
1317,15.04.2018,16.8099,15.8153,17.0677,15.7896,"6,29%",2018,4,15
1318,14.04.2018,15.8153,15.5842,16.3054,15.3805,"1,48%",2018,4,14
1319,13.04.2018,15.5843,16.5241,17.5209,15.4595,"-5,80%",2018,4,13
1320,12.04.2018,16.5441,14.3755,16.8536,13.6457,"15,02%",2018,4,12
1321,11.04.2018,14.3834,13.3897,14.4647,13.3401,"7,36%",2018,4,11
1322,10.04.2018,13.3979,13.3911,13.5337,12.9014,"0,05%",2018,4,10
1323,09.04.2018,13.3911,13.3753,14.672,13.0278,"0,12%",2018,4,9
1324,08.04.2018,13.3753,13.0711,13.4998,13.0478,"2,33%",2018,4,8
1325,07.04.2018,13.0711,12.7518,13.4069,12.7337,"2,50%",2018,4,7
1326,06.04.2018,12.7518,13.3896,13.4945,12.5904,"-4,69%",2018,4,6
1327,05.04.2018,13.379,13.5237,13.5294,12.8974,"-1,08%",2018,4,5
1328,04.04.2018,13.5258,14.9415,14.9455,13.3886,"-9,47%",2018,4,4
1329,03.04.2018,14.9412,14.1602,14.9959,14.0954,"5,52%",2018,4,3
1330,02.04.2018,14.1602,13.3487,14.4536,13.2216,"6,08%",2018,4,2
1331,01.04.2018,13.3487,14.056,14.2136,12.4766,"-5,03%",2018,4,1
1332,31.03.2018,14.056,14.193,14.6937,13.9875,"-0,97%",2018,3,31
1333,30.03.2018,14.193,14.1049,14.8654,13.3976,"0,42%",2018,3,30
1334,29.03.2018,14.1335,15.52,15.6218,13.9199,"-8,77%",2018,3,29
1335,28.03.2018,15.4917,15.1138,16.0857,15.1009,"2,50%",2018,3,28
1336,27.03.2018,15.1138,16.0269,16.553,14.6091,"-5,70%",2018,3,27
1337,26.03.2018,16.0269,17.903,18.0996,15.15,"-10,53%",2018,3,26
1338,25.03.2018,17.9122,17.7633,18.2374,17.5643,"0,85%",2018,3,25
1339,24.03.2018,17.7616,18.4011,19.3826,17.7259,"-3,46%",2018,3,24
1340,23.03.2018,18.3981,19.2436,19.2615,17.6413,"-4,39%",2018,3,23
1341,22.03.2018,19.2436,19.5174,19.9978,17.7052,"-0,97%",2018,3,22
1342,21.03.2018,19.4314,20.607,20.8672,18.5718,"-5,70%",2018,3,21
1343,20.03.2018,20.607,19.642,21.7661,18.4355,"4,87%",2018,3,20
1344,19.03.2018,19.65,13.2186,20.129,12.9872,"48,65%",2018,3,19
1345,18.03.2018,13.2186,13.4632,13.4702,11.0337,"-1,79%",2018,3,18
1346,17.03.2018,13.4602,14.8019,14.9169,13.2407,"-9,07%",2018,3,17
1347,16.03.2018,14.8026,15.4162,15.6849,14.6327,"-3,96%",2018,3,16
1348,15.03.2018,15.4128,15.8419,16.3158,14.1664,"-2,71%",2018,3,15
1349,14.03.2018,15.8419,17.9746,18.3436,15.5517,"-11,87%",2018,3,14
1350,13.03.2018,17.9746,18.0755,18.5595,17.5334,"-0,54%",2018,3,13
1351,12.03.2018,18.0718,19.1223,19.3805,17.6579,"-5,57%",2018,3,12
1352,11.03.2018,19.1369,18.0106,19.4112,17.4708,"6,29%",2018,3,11
1353,10.03.2018,18.0052,19.0855,19.8038,17.9708,"-5,71%",2018,3,10
1354,09.03.2018,19.0947,19.6649,19.7667,17.2075,"-2,89%",2018,3,9
1355,08.03.2018,19.6622,21.4192,22.0557,19.6067,"-8,20%",2018,3,8
1356,07.03.2018,21.4192,24.6649,25.0368,20.272,"-13,22%",2018,3,7
1357,06.03.2018,24.6823,26.183,26.6163,24.4127,"-5,75%",2018,3,6
1358,05.03.2018,26.1894,26.3884,27.4483,25.9393,"-0,75%",2018,3,5
1359,04.03.2018,26.3884,25.5758,26.5886,24.9334,"3,18%",2018,3,4
1360,03.03.2018,25.5758,25.654,26.4643,25.3452,"-0,30%",2018,3,3
1361,02.03.2018,25.654,26.4532,26.5938,25.1075,"-2,98%",2018,3,2
1362,01.03.2018,26.4413,25.5727,26.8607,25.4504,"3,40%",2018,3,1
1363,28.02.2018,25.5727,27.3131,28.0262,25.5727,"-6,43%",2018,2,28
1364,27.02.2018,27.3292,27.5405,28.5862,26.7716,"-0,71%",2018,2,27
1365,26.02.2018,27.526,25.2135,29.2621,24.2982,"9,16%",2018,2,26
1366,25.02.2018,25.2165,25.0865,25.513,24.3911,"0,52%",2018,2,25
1367,24.02.2018,25.0855,26.5244,27.5059,24.321,"-5,46%",2018,2,24
1368,23.02.2018,26.5331,25.1399,26.7252,24.0931,"5,53%",2018,2,23
1369,22.02.2018,25.1439,26.4752,27.7473,24.2289,"-5,06%",2018,2,22
1370,21.02.2018,26.485,28.8618,29.1498,25.9729,"-8,20%",2018,2,21
1371,20.02.2018,28.8502,31.2732,32.033,28.7728,"-7,74%",2018,2,20
1372,19.02.2018,31.2717,29.8408,31.9452,29.6437,"4,80%",2018,2,19
1373,18.02.2018,29.8408,32.471,32.6711,28.707,"-8,07%",2018,2,18
1374,17.02.2018,32.4601,31.8629,32.6276,31.6781,"1,89%",2018,2,17
1375,16.02.2018,31.8593,31.6832,32.571,30.4201,"0,65%",2018,2,16
1376,15.02.2018,31.6529,31.8283,32.5043,30.4612,"-0,56%",2018,2,15
1377,14.02.2018,31.8311,28.6065,32.014,28.6065,"11,28%",2018,2,14
1378,13.02.2018,28.6044,29.0535,29.1833,27.3747,"-1,55%",2018,2,13
1379,12.02.2018,29.0535,26.3551,29.7008,26.3429,"10,24%",2018,2,12
1380,11.02.2018,26.3551,28.5926,28.683,25.2626,"-7,83%",2018,2,11
1381,10.02.2018,28.5926,30.0825,32.7646,27.3589,"-5,03%",2018,2,10
1382,09.02.2018,30.1082,25.7232,30.4271,24.8712,"17,05%",2018,2,9
1383,08.02.2018,25.7232,21.4318,26.6125,21.3821,"19,98%",2018,2,8
1384,07.02.2018,21.4401,23.3815,24.6342,20.5916,"-8,50%",2018,2,7
1385,06.02.2018,23.4312,20.0488,24.0058,16.5166,"16,87%",2018,2,6
1386,05.02.2018,20.0488,26.1488,26.6553,18.9224,"-23,33%",2018,2,5
1387,04.02.2018,26.1488,30.9906,31.0878,25.3266,"-15,67%",2018,2,4
1388,03.02.2018,31.008,30.7887,32.0746,26.9345,"0,66%",2018,2,3
1389,02.02.2018,30.8043,35.5275,35.5427,24.4602,"-13,29%",2018,2,2
1390,01.02.2018,35.5275,40.9891,41.0798,33.9804,"-13,37%",2018,2,1
1391,31.01.2018,41.0122,36.5041,41.3097,34.2324,"12,35%",2018,1,31
1392,30.01.2018,36.5041,41.6861,41.7141,35.6583,"-12,60%",2018,1,30
1393,29.01.2018,41.766,43.09,44.5,40.7,"-3,07%",2018,1,29
1394,28.01.2018,43.09,39.877,43.09,39.667,"8,06%",2018,1,28
1395,27.01.2018,39.877,39.068,40.549,37.942,"2,07%",2018,1,27
1396,26.01.2018,39.068,40.33,41.779,35.0,"-3,13%",2018,1,26
1397,25.01.2018,40.33,40.5,44.0,39.061,"-0,42%",2018,1,25
1398,24.01.2018,40.5,39.229,42.069,37.674,"3,81%",2018,1,24
1399,23.01.2018,39.015,39.849,41.87,35.121,"-2,09%",2018,1,23
1400,22.01.2018,39.849,43.0,44.347,35.52,"-7,33%",2018,1,22
1401,21.01.2018,43.0,51.538,52.91,39.8,"-16,03%",2018,1,21
1402,20.01.2018,51.211,38.527,52.5,37.741,"32,86%",2018,1,20
1403,19.01.2018,38.545,36.021,42.808,35.0,"7,01%",2018,1,19
1404,18.01.2018,36.021,36.098,39.8,33.5,"-0,21%",2018,1,18
1405,17.01.2018,36.098,34.641,38.597,26.323,"4,21%",2018,1,17
1406,16.01.2018,34.641,51.49,51.49,28.19,"-32,72%",2018,1,16
1407,15.01.2018,51.49,54.009,58.24,51.02,"-4,66%",2018,1,15
1408,14.01.2018,54.009,55.0,55.5,47.66,"-1,80%",2018,1,14
1409,13.01.2018,55.0,49.52,57.5,49.391,"11,07%",2018,1,13
1410,12.01.2018,49.52,45.002,51.989,42.91,"9,39%",2018,1,12
1411,11.01.2018,45.27,52.846,53.44,40.81,"-14,34%",2018,1,11
1412,10.01.2018,52.85,52.01,57.0,47.31,"1,62%",2018,1,10
1413,09.01.2018,52.01,55.02,58.1,50.0,"-5,47%",2018,1,9
1414,08.01.2018,55.02,61.0,63.98,47.31,"-9,80%",2018,1,8
1415,07.01.2018,61.0,69.01,82.0,58.33,"-11,61%",2018,1,7
1416,06.01.2018,69.01,50.05,74.0,44.88,"37,88%",2018,1,6
1417,05.01.2018,50.05,45.6,61.0,44.41,"9,76%",2018,1,5
1418,04.01.2018,45.6,52.49,52.49,45.53,"-13,13%",2018,1,4
1419,03.01.2018,52.49,53.22,55.33,50.5,"-1,37%",2018,1,3
1420,02.01.2018,53.22,51.7,55.45,46.5,"2,94%",2018,1,2
1421,01.01.2018,51.7,52.84,55.0,49.09,"-2,16%",2018,1,1
1422,31.12.2017,52.84,47.44,55.6,46.38,"11,38%",2017,12,31
1423,30.12.2017,47.44,50.19,58.08,42.5,"-5,48%",2017,12,30
1424,29.12.2017,50.19,47.87,54.0,46.32,"4,85%",2017,12,29
1425,28.12.2017,47.87,47.61,47.94,40.2,"0,55%",2017,12,28
1426,27.12.2017,47.61,49.26,50.47,44.72,"-3,35%",2017,12,27
1427,26.12.2017,49.26,46.5,49.8,46.0,"5,94%",2017,12,26
1428,25.12.2017,46.5,42.79,51.0,39.53,"8,67%",2017,12,25
1429,24.12.2017,42.79,45.46,45.7,36.28,"-5,87%",2017,12,24
1430,23.12.2017,45.46,40.47,50.38,39.25,"12,33%",2017,12,23
1431,22.12.2017,40.47,52.65,54.4,29.0,"-23,13%",2017,12,22
1432,21.12.2017,52.65,54.61,61.0,48.81,"-3,59%",2017,12,21
1433,20.12.2017,54.61,60.51,62.62,49.24,"-9,75%",2017,12,20
1434,19.12.2017,60.51,49.0,71.99,47.14,"23,49%",2017,12,19
1435,18.12.2017,49.0,28.77,52.78,26.29,"70,32%",2017,12,18
1436,17.12.2017,28.77,27.96,31.2,27.34,"2,90%",2017,12,17
1437,16.12.2017,27.96,29.53,31.0,27.02,"-5,32%",2017,12,16
1438,15.12.2017,29.53,19.73,32.25,16.2,"49,67%",2017,12,15
1439,14.12.2017,19.73,16.72,19.9,16.34,"18,00%",2017,12,14
1440,13.12.2017,16.72,14.93,18.6,14.14,"11,99%",2017,12,13
1441,12.12.2017,14.93,13.06,15.27,12.9,"14,32%",2017,12,12
1442,11.12.2017,13.06,10.52,15.1,10.5,"24,14%",2017,12,11
1443,10.12.2017,10.52,11.76,11.85,10.5,"-10,54%",2017,12,10
1444,09.12.2017,11.76,11.81,12.32,11.2,"-0,42%",2017,12,9
1445,08.12.2017,11.81,10.63,12.0,10.2,"11,10%",2017,12,8
1446,07.12.2017,10.63,11.01,14.69,10.38,"-3,45%",2017,12,7
1447,06.12.2017,11.01,12.26,12.42,10.57,"-10,20%",2017,12,6
1448,05.12.2017,12.26,13.49,13.5,12.26,"-9,12%",2017,12,5
1449,04.12.2017,13.49,12.65,13.7,12.1,"6,64%",2017,12,4
1450,03.12.2017,12.65,12.43,13.5,11.8,"1,77%",2017,12,3
1451,02.12.2017,12.43,12.7,12.9,12.2,"-2,13%",2017,12,2
1452,01.12.2017,12.7,11.79,12.87,11.3,"7,72%",2017,12,1
1453,30.11.2017,11.79,12.0,12.74,10.79,"-1,75%",2017,11,30
1454,29.11.2017,12.0,14.37,14.41,11.53,"-16,49%",2017,11,29
1455,28.11.2017,14.37,14.33,15.9,13.93,"0,28%",2017,11,28
1456,27.11.2017,14.33,14.63,14.87,13.6,"-2,05%",2017,11,27
1457,26.11.2017,14.63,14.25,14.67,14.25,"2,67%",2017,11,26
1458,25.11.2017,14.25,14.12,14.8,13.82,"0,92%",2017,11,25
1459,24.11.2017,14.12,13.76,14.41,13.0,"2,62%",2017,11,24
1460,23.11.2017,13.76,14.18,14.41,13.56,"-2,96%",2017,11,23
1461,22.11.2017,14.18,13.92,14.37,13.6,"1,87%",2017,11,22
1462,21.11.2017,13.92,14.9,15.26,13.51,"-6,58%",2017,11,21
1463,20.11.2017,14.9,14.2,15.48,13.91,"4,93%",2017,11,20
1464,19.11.2017,14.2,13.99,14.3,13.44,"1,50%",2017,11,19
1465,18.11.2017,13.99,13.26,14.2,12.7,"5,51%",2017,11,18
1466,17.11.2017,13.26,12.93,13.27,12.35,"2,55%",2017,11,17
1467,16.11.2017,12.93,11.52,13.59,11.23,"12,24%",2017,11,16
1468,15.11.2017,11.52,11.4,11.82,10.9,"1,05%",2017,11,15
1469,14.11.2017,11.4,11.23,11.46,10.84,"1,51%",2017,11,14
1470,13.11.2017,11.23,10.64,11.23,10.51,"5,55%",2017,11,13
1471,12.11.2017,10.64,11.5,11.6,10.1,"-7,48%",2017,11,12
1472,11.11.2017,11.5,11.22,11.85,10.75,"2,50%",2017,11,11
1473,10.11.2017,11.22,11.83,12.26,10.55,"-5,16%",2017,11,10
1474,09.11.2017,11.83,11.87,12.4,11.47,"-0,34%",2017,11,9
1475,08.11.2017,11.87,10.86,12.4,10.55,"9,30%",2017,11,8
1476,07.11.2017,10.86,10.26,11.19,10.1,"5,85%",2017,11,7
1477,06.11.2017,10.26,9.96,11.22,9.73,"3,01%",2017,11,6
1478,05.11.2017,9.96,9.97,10.16,9.73,"-0,10%",2017,11,5
1479,04.11.2017,9.97,10.24,10.3,9.72,"-2,64%",2017,11,4
1480,03.11.2017,10.24,9.29,10.24,9.28,"10,23%",2017,11,3
1481,02.11.2017,9.29,9.66,9.83,8.7,"-3,93%",2017,11,2
1482,01.11.2017,9.67,10.36,10.36,9.46,"-6,66%",2017,11,1
1483,31.10.2017,10.36,10.25,10.8,10.2,"1,07%",2017,10,31
1484,30.10.2017,10.25,10.34,10.9,10.04,"-0,87%",2017,10,30
1485,29.10.2017,10.34,9.97,10.54,9.7,"3,71%",2017,10,29
1486,28.10.2017,9.97,10.19,10.31,9.69,"-2,16%",2017,10,28
1487,27.10.2017,10.19,10.39,10.52,9.9,"-1,92%",2017,10,27
1488,26.10.2017,10.39,10.34,10.76,10.15,"0,48%",2017,10,26
1489,25.10.2017,10.34,10.58,10.66,9.88,"-2,27%",2017,10,25
1490,24.10.2017,10.58,9.57,11.23,9.11,"10,55%",2017,10,24
1491,23.10.2017,9.57,10.3,10.5,9.25,"-7,09%",2017,10,23
1492,22.10.2017,10.3,10.8,11.1,10.08,"-4,63%",2017,10,22
1493,21.10.2017,10.8,11.07,11.44,10.16,"-2,44%",2017,10,21
1494,20.10.2017,11.07,12.12,18.0,10.4,"-8,66%",2017,10,20
1495,19.10.2017,12.12,11.32,12.4,11.3,"7,07%",2017,10,19
1496,18.10.2017,11.32,12.0,12.0,10.41,"-5,67%",2017,10,18
1497,17.10.2017,12.0,11.4,12.44,10.78,"5,26%",2017,10,17
1498,16.10.2017,11.4,10.16,12.09,9.91,"12,20%",2017,10,16
1499,15.10.2017,10.16,10.56,10.8,9.77,"-3,79%",2017,10,15
1500,14.10.2017,10.56,10.82,11.69,10.27,"-2,40%",2017,10,14
1501,13.10.2017,10.82,11.0,11.1,9.68,"-1,64%",2017,10,13
1502,12.10.2017,11.0,12.09,12.33,11.0,"-9,02%",2017,10,12
1503,11.10.2017,12.09,12.1,12.5,11.75,"-0,08%",2017,10,11
